TransactionID,UPI_ID,Amount,TransactionType,Location,Time,Device,IsFraud
TXN00001,ogray@upi,18733.26,Send Money,Bangalore,22:32:13,iOS,0
TXN00002,jessica50@upi,7809.37,Merchant Payment,Bangalore,14:21:42,Android,0
TXN00003,mblair@upi,30059.74,Merchant Payment,Kolkata,01:10:40,Android,1
TXN00004,cmueller@upi,48495.79,Bill Payment,Kolkata,08:51:13,iOS,0
TXN00005,john01@upi,9178.39,Bill Payment,Kolkata,10:49:47,Android,0
TXN00006,thomasdarrell@upi,14568.54,Merchant Payment,Delhi,23:29:20,iOS,0
TXN00007,greggscott@upi,18324.43,Bill Payment,Kolkata,19:05:53,Android,0
TXN00008,bhester@upi,19129.27,Send Money,Bangalore,22:18:50,Android,0
TXN00009,charles95@upi,8534.5,Merchant Payment,Delhi,18:19:40,iOS,0
TXN00010,alexawilliams@upi,28168.78,Bill Payment,Mumbai,10:47:06,iOS,0
TXN00011,scraig@upi,34214.81,Merchant Payment,Hyderabad,11:59:03,Android,0
TXN00012,johnsonvalerie@upi,41661.41,Merchant Payment,Kolkata,02:04:36,Android,1
TXN00013,walkerrachel@upi,12946.41,Bill Payment,Kolkata,04:39:17,iOS,0
TXN00014,carolmartin@upi,28389.34,Send Money,Delhi,05:37:36,iOS,0
TXN00015,rosskim@upi,19763.56,Bill Payment,Kolkata,09:48:34,Android,0
TXN00016,websterwilliam@upi,48058.99,Send Money,Chennai,14:44:19,iOS,0
TXN00017,butlermichelle@upi,29341.69,Send Money,Hyderabad,00:50:09,iOS,0
TXN00018,phamnathan@upi,7054.8,Merchant Payment,Chennai,03:27:43,Android,0
TXN00019,anthonykelley@upi,21175.84,Send Money,Hyderabad,14:40:22,iOS,0
TXN00020,gfletcher@upi,40774.92,Send Money,Bangalore,10:31:30,Android,0
TXN00021,jeffrey03@upi,3711.49,Merchant Payment,Delhi,17:18:32,Android,0
TXN00022,bmclaughlin@upi,42503.43,Bill Payment,Mumbai,17:02:10,iOS,0
TXN00023,debbie59@upi,33445.37,Send Money,Bangalore,22:58:39,iOS,0
TXN00024,cantuadrienne@upi,44361.77,Send Money,Bangalore,15:22:26,Android,1
TXN00025,tkrueger@upi,42447.2,Send Money,Delhi,23:48:09,Android,1
TXN00026,diazcindy@upi,38550.65,Merchant Payment,Bangalore,22:11:07,Android,0
TXN00027,trevor54@upi,5553.43,Send Money,Bangalore,20:49:05,Android,0
TXN00028,brittany67@upi,23773.76,Send Money,Hyderabad,20:13:38,iOS,0
TXN00029,richard87@upi,30224.82,Merchant Payment,Bangalore,01:25:40,Android,1
TXN00030,kennedycarolyn@upi,11447.62,Merchant Payment,Bangalore,23:18:38,Android,0
TXN00031,sancheztroy@upi,46485.59,Send Money,Kolkata,20:21:50,Android,0
TXN00032,sara54@upi,22832.16,Bill Payment,Kolkata,14:04:40,Android,0
TXN00033,cathy23@upi,6113.18,Send Money,Kolkata,01:50:32,Android,0
TXN00034,michael01@upi,32388.03,Send Money,Hyderabad,13:02:39,Android,0
TXN00035,wmcdonald@upi,357.54,Merchant Payment,Mumbai,01:23:44,iOS,0
TXN00036,nfranklin@upi,6002.07,Merchant Payment,Bangalore,10:15:11,iOS,0
TXN00037,mcdanielrobin@upi,27909.52,Send Money,Kolkata,08:48:04,Android,0
TXN00038,ian92@upi,12351.33,Merchant Payment,Delhi,09:04:10,Android,0
TXN00039,stevenfigueroa@upi,14249.18,Send Money,Bangalore,05:07:08,Android,1
TXN00040,boydkimberly@upi,20557.74,Merchant Payment,Chennai,17:30:33,iOS,0
TXN00041,philip25@upi,11985.7,Bill Payment,Chennai,03:57:29,iOS,0
TXN00042,erikabarker@upi,27649.13,Merchant Payment,Hyderabad,05:10:01,Android,0
TXN00043,dmorris@upi,11889.5,Merchant Payment,Kolkata,23:39:17,iOS,0
TXN00044,lholland@upi,49171.32,Bill Payment,Bangalore,18:28:02,Android,0
TXN00045,moralescarla@upi,41766.77,Merchant Payment,Kolkata,11:34:06,iOS,0
TXN00046,nicholsonmichael@upi,29548.74,Merchant Payment,Hyderabad,08:42:21,Android,0
TXN00047,christinewong@upi,40476.96,Merchant Payment,Hyderabad,16:09:21,Android,0
TXN00048,nbrown@upi,19342.9,Bill Payment,Mumbai,17:55:59,Android,0
TXN00049,xturner@upi,5682.54,Merchant Payment,Kolkata,03:27:29,iOS,0
TXN00050,daniellesmith@upi,33002.6,Bill Payment,Mumbai,12:58:29,iOS,0
TXN00051,rossrodney@upi,12100.2,Bill Payment,Hyderabad,16:11:06,Android,0
TXN00052,shannondavis@upi,31658.74,Send Money,Mumbai,13:11:59,Android,0
TXN00053,robert81@upi,42334.59,Bill Payment,Mumbai,00:16:53,iOS,1
TXN00054,lowetyler@upi,42547.91,Send Money,Hyderabad,08:30:16,iOS,0
TXN00055,travis14@upi,29038.52,Bill Payment,Mumbai,09:03:40,Android,1
TXN00056,christophersampson@upi,14203.21,Bill Payment,Delhi,17:33:19,iOS,0
TXN00057,katherinepowers@upi,32601.54,Send Money,Hyderabad,02:31:57,Android,1
TXN00058,nmartin@upi,913.59,Bill Payment,Chennai,10:03:30,iOS,0
TXN00059,leahnelson@upi,32485.15,Merchant Payment,Bangalore,03:29:30,Android,1
TXN00060,travisrussell@upi,15409.96,Merchant Payment,Bangalore,13:13:01,iOS,0
TXN00061,nford@upi,12207.04,Bill Payment,Kolkata,02:26:01,Android,0
TXN00062,dylanjones@upi,45305.88,Merchant Payment,Delhi,11:25:23,Android,0
TXN00063,nathanjones@upi,28849.43,Send Money,Chennai,14:56:34,iOS,0
TXN00064,cynthiawiggins@upi,14045.81,Merchant Payment,Mumbai,21:53:34,iOS,0
TXN00065,marquezloretta@upi,47023.52,Send Money,Kolkata,04:59:06,Android,1
TXN00066,lrobertson@upi,44175.87,Send Money,Chennai,12:03:19,iOS,0
TXN00067,osbornsharon@upi,27642.72,Merchant Payment,Bangalore,13:39:58,iOS,0
TXN00068,amanda12@upi,14729.5,Send Money,Mumbai,05:17:05,iOS,0
TXN00069,gdominguez@upi,18640.62,Bill Payment,Kolkata,00:19:18,iOS,0
TXN00070,hperez@upi,3530.1,Bill Payment,Kolkata,03:24:47,Android,0
TXN00071,patrickmartinez@upi,25921.3,Bill Payment,Delhi,22:28:14,Android,0
TXN00072,klawson@upi,6839.7,Bill Payment,Chennai,17:00:44,iOS,0
TXN00073,msmith@upi,40507.57,Send Money,Chennai,18:03:30,iOS,0
TXN00074,joseph69@upi,25080.8,Send Money,Hyderabad,07:38:54,Android,0
TXN00075,david12@upi,19845.22,Bill Payment,Hyderabad,17:41:46,Android,0
TXN00076,halesamantha@upi,18785.39,Bill Payment,Kolkata,22:41:46,Android,0
TXN00077,thomas99@upi,27136.81,Send Money,Kolkata,22:48:15,iOS,0
TXN00078,batesjay@upi,12520.07,Bill Payment,Kolkata,09:08:41,Android,0
TXN00079,christinamartinez@upi,6361.76,Send Money,Chennai,19:21:29,iOS,0
TXN00080,triciahayes@upi,31148.29,Bill Payment,Chennai,13:25:35,iOS,0
TXN00081,stephaniehicks@upi,27036.35,Merchant Payment,Hyderabad,02:18:41,iOS,1
TXN00082,elizabethglenn@upi,25819.85,Bill Payment,Bangalore,14:20:29,Android,0
TXN00083,kristinmarquez@upi,21681.7,Bill Payment,Delhi,19:45:16,Android,0
TXN00084,xbrewer@upi,4052.84,Merchant Payment,Mumbai,15:18:18,iOS,0
TXN00085,stephenlevine@upi,8672.98,Send Money,Delhi,23:11:38,iOS,0
TXN00086,brian12@upi,35732.65,Send Money,Chennai,12:51:59,Android,1
TXN00087,nlewis@upi,36897.47,Merchant Payment,Chennai,22:02:21,iOS,0
TXN00088,ethankim@upi,2395.33,Bill Payment,Bangalore,07:16:06,Android,0
TXN00089,chill@upi,17100.56,Send Money,Mumbai,02:45:30,iOS,0
TXN00090,vazquezeric@upi,35185.86,Bill Payment,Delhi,12:39:55,iOS,0
TXN00091,tanya48@upi,17321.75,Bill Payment,Kolkata,19:25:46,Android,0
TXN00092,mthompson@upi,30796.35,Send Money,Hyderabad,04:51:57,iOS,1
TXN00093,jonesdanielle@upi,13052.07,Bill Payment,Delhi,07:52:09,Android,0
TXN00094,lindagonzalez@upi,42825.93,Send Money,Chennai,01:06:22,iOS,1
TXN00095,shanezavala@upi,30796.4,Merchant Payment,Delhi,08:08:03,Android,0
TXN00096,cgarcia@upi,31823.82,Bill Payment,Bangalore,23:45:29,iOS,1
TXN00097,jasonknight@upi,6433.73,Send Money,Bangalore,08:04:49,Android,0
TXN00098,kathryntaylor@upi,19311.27,Send Money,Delhi,23:53:20,Android,0
TXN00099,jenniferfranklin@upi,3477.37,Merchant Payment,Kolkata,21:40:42,iOS,0
TXN00100,lindsey46@upi,30916.51,Merchant Payment,Mumbai,08:54:54,iOS,0
TXN00101,reginaldhubbard@upi,42245.32,Bill Payment,Kolkata,08:01:27,iOS,0
TXN00102,williamharding@upi,24806.91,Bill Payment,Chennai,09:50:11,iOS,0
TXN00103,cathyvaughn@upi,43874.83,Send Money,Chennai,05:49:43,Android,1
TXN00104,alexander40@upi,14108.91,Bill Payment,Chennai,21:35:07,Android,0
TXN00105,shannonwilliamson@upi,28800.47,Merchant Payment,Hyderabad,15:02:24,iOS,0
TXN00106,bsnyder@upi,29031.4,Merchant Payment,Kolkata,21:30:37,iOS,0
TXN00107,moorekelly@upi,21455.41,Send Money,Mumbai,18:40:55,Android,0
TXN00108,flynnkathryn@upi,45128.62,Bill Payment,Hyderabad,11:00:24,iOS,0
TXN00109,debrawillis@upi,14888.78,Merchant Payment,Mumbai,10:27:22,iOS,0
TXN00110,hoganvicki@upi,45270.05,Send Money,Hyderabad,20:05:38,iOS,0
TXN00111,joneszachary@upi,24131.22,Bill Payment,Chennai,02:23:00,Android,0
TXN00112,thomas58@upi,16439.94,Merchant Payment,Chennai,07:12:36,iOS,0
TXN00113,olsonwilliam@upi,39066.99,Merchant Payment,Chennai,22:55:22,Android,0
TXN00114,mckenziecarolyn@upi,2887.36,Merchant Payment,Delhi,05:47:00,Android,0
TXN00115,johnsonmary@upi,27300.33,Merchant Payment,Delhi,11:07:48,Android,0
TXN00116,woodandrew@upi,38077.92,Send Money,Chennai,02:18:28,iOS,1
TXN00117,wwalter@upi,4214.5,Send Money,Delhi,09:34:59,Android,0
TXN00118,markjennings@upi,35315.05,Send Money,Chennai,05:47:24,Android,1
TXN00119,crystal33@upi,11669.07,Send Money,Mumbai,04:27:42,iOS,0
TXN00120,leetammy@upi,47362.96,Send Money,Chennai,04:43:09,iOS,1
TXN00121,stanleymoss@upi,17517.41,Merchant Payment,Bangalore,09:48:27,Android,0
TXN00122,noah17@upi,35257.17,Bill Payment,Delhi,09:30:59,Android,0
TXN00123,smithchristopher@upi,24636.33,Send Money,Delhi,04:35:37,iOS,0
TXN00124,cervantesjane@upi,37051.28,Send Money,Mumbai,13:01:50,Android,0
TXN00125,ytaylor@upi,29172.6,Bill Payment,Mumbai,02:39:30,Android,0
TXN00126,brent60@upi,4153.74,Send Money,Kolkata,10:57:59,Android,1
TXN00127,angelalee@upi,617.6,Send Money,Chennai,09:31:07,Android,0
TXN00128,gscott@upi,26389.78,Merchant Payment,Hyderabad,14:22:33,Android,0
TXN00129,dawsonmichael@upi,34773.6,Send Money,Delhi,15:16:52,Android,0
TXN00130,melissanguyen@upi,34790.48,Merchant Payment,Mumbai,06:28:04,Android,0
TXN00131,alexandra47@upi,19216.25,Merchant Payment,Mumbai,06:18:53,Android,0
TXN00132,gutierrezbrandon@upi,47521.07,Bill Payment,Hyderabad,13:55:55,iOS,0
TXN00133,christopher03@upi,13876.29,Bill Payment,Delhi,22:31:33,iOS,0
TXN00134,laurenford@upi,3895.95,Send Money,Hyderabad,08:11:05,iOS,0
TXN00135,harriskevin@upi,1625.47,Send Money,Mumbai,01:54:29,Android,0
TXN00136,brian04@upi,34239.71,Send Money,Chennai,22:50:42,iOS,0
TXN00137,matthew53@upi,47027.19,Merchant Payment,Chennai,14:05:06,Android,0
TXN00138,matthewcurry@upi,4146.59,Bill Payment,Delhi,12:21:45,Android,0
TXN00139,beth07@upi,1328.09,Send Money,Kolkata,11:36:47,Android,0
TXN00140,shelly49@upi,49264.45,Merchant Payment,Chennai,20:47:51,iOS,0
TXN00141,kshannon@upi,48496.02,Merchant Payment,Mumbai,23:16:23,Android,1
TXN00142,shannon92@upi,3184.96,Send Money,Bangalore,03:55:27,Android,0
TXN00143,royrodriguez@upi,2828.21,Bill Payment,Hyderabad,10:07:25,Android,0
TXN00144,dramirez@upi,37498.04,Merchant Payment,Chennai,17:02:47,Android,0
TXN00145,cordovajared@upi,47238.84,Bill Payment,Bangalore,02:18:22,Android,1
TXN00146,barbarahernandez@upi,12061.83,Send Money,Kolkata,05:33:08,Android,1
TXN00147,vparker@upi,30312.67,Bill Payment,Mumbai,09:31:54,Android,0
TXN00148,earl77@upi,2354.35,Merchant Payment,Delhi,23:04:48,iOS,0
TXN00149,leonashley@upi,38618.2,Merchant Payment,Delhi,21:47:40,iOS,0
TXN00150,amy51@upi,48399.01,Bill Payment,Kolkata,14:49:55,Android,0
TXN00151,meltonleslie@upi,6709.42,Merchant Payment,Chennai,10:28:54,Android,0
TXN00152,reynoldsdean@upi,40254.18,Merchant Payment,Kolkata,23:46:52,iOS,1
TXN00153,gonzalesthomas@upi,737.09,Bill Payment,Delhi,22:30:44,iOS,0
TXN00154,theresawolf@upi,27745.23,Merchant Payment,Delhi,19:10:17,iOS,0
TXN00155,alvin78@upi,22551.01,Merchant Payment,Hyderabad,22:44:32,iOS,0
TXN00156,moralesdiane@upi,43119.56,Send Money,Chennai,03:48:54,iOS,1
TXN00157,cjennings@upi,22972.75,Send Money,Delhi,10:55:38,Android,0
TXN00158,drobertson@upi,22962.2,Bill Payment,Kolkata,02:52:44,Android,0
TXN00159,michaelsmith@upi,10464.45,Merchant Payment,Bangalore,14:06:15,Android,0
TXN00160,edwardsandrea@upi,23011.36,Merchant Payment,Bangalore,04:41:41,iOS,0
TXN00161,fbarnes@upi,9011.56,Send Money,Bangalore,03:05:44,iOS,0
TXN00162,wgordon@upi,33381.21,Bill Payment,Chennai,20:14:46,iOS,0
TXN00163,mstrickland@upi,41091.31,Bill Payment,Hyderabad,17:21:52,iOS,0
TXN00164,amandabrooks@upi,4444.24,Send Money,Chennai,20:43:37,Android,0
TXN00165,kelly92@upi,44711.92,Send Money,Kolkata,15:26:27,iOS,0
TXN00166,mark16@upi,1975.21,Send Money,Mumbai,00:16:28,iOS,0
TXN00167,rebecca28@upi,43680.2,Merchant Payment,Chennai,23:56:58,Android,1
TXN00168,wlewis@upi,13851.11,Send Money,Mumbai,14:43:22,Android,0
TXN00169,malloryedwards@upi,10475.37,Merchant Payment,Kolkata,03:09:14,iOS,0
TXN00170,georgeharrison@upi,18451.99,Bill Payment,Chennai,03:02:03,iOS,0
TXN00171,maciasdiana@upi,12629.32,Merchant Payment,Bangalore,18:46:43,Android,0
TXN00172,kennethbarker@upi,37483.32,Send Money,Delhi,05:07:05,iOS,1
TXN00173,jessicasmith@upi,17713.79,Merchant Payment,Mumbai,11:31:27,Android,0
TXN00174,gonzalezkatherine@upi,1013.36,Send Money,Mumbai,23:40:08,Android,0
TXN00175,judithchavez@upi,26771.42,Send Money,Mumbai,07:48:48,Android,0
TXN00176,rthompson@upi,33958.32,Merchant Payment,Mumbai,18:45:55,Android,0
TXN00177,amay@upi,29214.13,Bill Payment,Delhi,17:06:21,Android,0
TXN00178,blewis@upi,21588.66,Merchant Payment,Delhi,11:54:04,Android,0
TXN00179,melissa08@upi,44983.37,Bill Payment,Bangalore,22:22:39,iOS,0
TXN00180,johnsonjames@upi,16524.12,Send Money,Mumbai,04:00:38,Android,0
TXN00181,lori34@upi,7651.43,Merchant Payment,Hyderabad,06:55:15,iOS,0
TXN00182,gabrielstephenson@upi,14261.91,Merchant Payment,Mumbai,11:00:12,Android,0
TXN00183,marilyn29@upi,921.94,Send Money,Hyderabad,09:27:55,iOS,0
TXN00184,ihowe@upi,19898.8,Merchant Payment,Hyderabad,03:17:20,Android,0
TXN00185,smithchristopher@upi,12902.56,Bill Payment,Bangalore,19:04:45,iOS,0
TXN00186,kanderson@upi,27842.58,Bill Payment,Bangalore,10:12:29,Android,0
TXN00187,amandaday@upi,9360.32,Bill Payment,Hyderabad,13:16:40,Android,0
TXN00188,ethornton@upi,36815.0,Merchant Payment,Mumbai,06:53:06,iOS,0
TXN00189,stephanieclark@upi,4373.64,Bill Payment,Bangalore,11:21:18,Android,0
TXN00190,sschroeder@upi,26634.15,Send Money,Kolkata,06:40:31,iOS,0
TXN00191,ghouston@upi,27434.67,Bill Payment,Hyderabad,09:15:39,iOS,0
TXN00192,antonio57@upi,40495.62,Send Money,Chennai,11:23:52,Android,0
TXN00193,samantha32@upi,29785.98,Bill Payment,Bangalore,19:33:55,iOS,0
TXN00194,twoods@upi,42537.87,Bill Payment,Kolkata,06:01:31,Android,0
TXN00195,cindy19@upi,46917.64,Merchant Payment,Bangalore,00:52:38,Android,1
TXN00196,mhuber@upi,37058.62,Bill Payment,Hyderabad,01:31:30,iOS,1
TXN00197,omacias@upi,39077.91,Merchant Payment,Mumbai,16:15:14,Android,0
TXN00198,anthonyyoung@upi,8191.16,Send Money,Chennai,16:27:43,Android,0
TXN00199,liuchristina@upi,31691.59,Bill Payment,Hyderabad,02:13:53,Android,1
TXN00200,ericmitchell@upi,43861.26,Send Money,Delhi,00:35:06,iOS,1
TXN00201,bhendricks@upi,22602.91,Bill Payment,Bangalore,13:55:03,Android,0
TXN00202,ruth58@upi,37382.99,Merchant Payment,Mumbai,16:16:46,Android,0
TXN00203,sarah99@upi,19580.19,Bill Payment,Kolkata,23:06:09,Android,0
TXN00204,mackenzie18@upi,31215.66,Merchant Payment,Kolkata,23:31:08,iOS,1
TXN00205,nicole82@upi,16647.46,Merchant Payment,Delhi,11:59:08,iOS,0
TXN00206,tjohnson@upi,43932.67,Send Money,Hyderabad,14:18:55,iOS,0
TXN00207,olsonjoseph@upi,39431.97,Bill Payment,Mumbai,19:05:00,Android,0
TXN00208,robertsonphilip@upi,38930.81,Send Money,Kolkata,14:53:25,iOS,0
TXN00209,erinmartin@upi,38125.31,Merchant Payment,Delhi,04:27:12,Android,1
TXN00210,richardssarah@upi,5154.77,Send Money,Hyderabad,06:51:43,Android,0
TXN00211,monicamartinez@upi,19870.39,Send Money,Chennai,12:13:48,Android,0
TXN00212,matthew08@upi,36115.41,Bill Payment,Bangalore,14:52:31,Android,0
TXN00213,emily40@upi,28279.76,Bill Payment,Bangalore,20:34:12,Android,0
TXN00214,wolfeshelly@upi,9088.07,Bill Payment,Kolkata,04:25:26,iOS,0
TXN00215,ashleymiller@upi,23105.67,Bill Payment,Bangalore,07:42:06,iOS,0
TXN00216,brittany94@upi,6964.42,Bill Payment,Mumbai,03:21:12,Android,0
TXN00217,wiseashley@upi,43607.47,Send Money,Chennai,08:08:27,iOS,0
TXN00218,utownsend@upi,38564.62,Merchant Payment,Delhi,22:06:40,Android,0
TXN00219,chapmanheidi@upi,36824.85,Send Money,Kolkata,00:36:27,Android,1
TXN00220,christinafrost@upi,22547.46,Bill Payment,Chennai,19:49:28,Android,0
TXN00221,keith19@upi,9324.18,Merchant Payment,Mumbai,12:41:31,Android,0
TXN00222,brownrichard@upi,25946.71,Merchant Payment,Chennai,14:44:23,Android,0
TXN00223,lisaellis@upi,16766.51,Send Money,Chennai,18:14:48,iOS,0
TXN00224,baileydavid@upi,19914.45,Send Money,Delhi,19:22:09,Android,0
TXN00225,patriciadixon@upi,23290.35,Merchant Payment,Delhi,04:17:17,Android,0
TXN00226,vincent76@upi,11238.0,Merchant Payment,Bangalore,10:29:42,iOS,0
TXN00227,eric51@upi,24923.4,Bill Payment,Chennai,21:32:45,iOS,0
TXN00228,davislaura@upi,39026.98,Merchant Payment,Kolkata,05:44:58,iOS,1
TXN00229,jacksonkatie@upi,664.59,Send Money,Mumbai,21:56:27,Android,1
TXN00230,mason92@upi,22954.86,Bill Payment,Kolkata,04:34:50,iOS,0
TXN00231,jonesmelissa@upi,9231.3,Merchant Payment,Mumbai,14:36:21,iOS,0
TXN00232,albertcox@upi,37500.52,Merchant Payment,Bangalore,07:56:38,iOS,0
TXN00233,garyglenn@upi,9542.48,Send Money,Chennai,02:35:12,iOS,0
TXN00234,michaelortiz@upi,29376.81,Send Money,Kolkata,08:23:10,Android,0
TXN00235,jeremyjenkins@upi,26224.27,Send Money,Delhi,17:49:20,iOS,0
TXN00236,brianmyers@upi,7770.46,Send Money,Chennai,06:40:30,Android,0
TXN00237,sheltongregory@upi,18671.73,Bill Payment,Bangalore,21:32:17,iOS,0
TXN00238,dawn85@upi,40039.48,Merchant Payment,Hyderabad,22:01:40,iOS,0
TXN00239,mcknighttanya@upi,32949.61,Send Money,Mumbai,07:20:20,Android,0
TXN00240,smithchristina@upi,9813.69,Merchant Payment,Chennai,19:22:14,iOS,0
TXN00241,floresbrittany@upi,39997.81,Merchant Payment,Bangalore,15:15:27,Android,0
TXN00242,timothy24@upi,36043.45,Merchant Payment,Kolkata,22:51:00,iOS,0
TXN00243,alexandratran@upi,41512.69,Send Money,Kolkata,07:04:13,Android,0
TXN00244,sergio94@upi,16206.26,Bill Payment,Delhi,08:29:36,Android,0
TXN00245,ymiller@upi,42407.92,Send Money,Bangalore,09:04:57,iOS,0
TXN00246,robinsoneileen@upi,35200.27,Send Money,Chennai,03:22:53,iOS,1
TXN00247,amycolon@upi,16799.93,Merchant Payment,Delhi,00:32:55,Android,0
TXN00248,gerald25@upi,13410.5,Send Money,Chennai,23:39:40,iOS,0
TXN00249,darrylrichardson@upi,18144.27,Send Money,Hyderabad,15:10:16,Android,0
TXN00250,sandovallaura@upi,38182.65,Send Money,Delhi,12:15:50,iOS,0
TXN00251,scottjoseph@upi,44728.67,Send Money,Delhi,08:20:35,Android,0
TXN00252,nspears@upi,37086.93,Bill Payment,Chennai,12:07:48,Android,0
TXN00253,xcollins@upi,6976.41,Merchant Payment,Kolkata,13:53:43,iOS,0
TXN00254,gfaulkner@upi,45029.61,Bill Payment,Chennai,07:47:36,Android,0
TXN00255,garciaalexis@upi,26487.79,Bill Payment,Hyderabad,21:27:16,Android,0
TXN00256,rpark@upi,27713.36,Send Money,Kolkata,20:47:41,iOS,0
TXN00257,deleonbrendan@upi,5337.87,Bill Payment,Chennai,22:07:56,Android,0
TXN00258,rcuevas@upi,43695.76,Bill Payment,Hyderabad,22:15:23,Android,0
TXN00259,matthewstimothy@upi,8776.81,Send Money,Mumbai,06:12:51,iOS,0
TXN00260,vcasey@upi,38547.86,Bill Payment,Delhi,04:43:26,iOS,1
TXN00261,carl87@upi,47931.77,Send Money,Bangalore,02:15:11,Android,1
TXN00262,collinsmartha@upi,30161.57,Bill Payment,Chennai,20:21:22,Android,0
TXN00263,toddjackson@upi,21865.3,Send Money,Bangalore,10:48:49,Android,0
TXN00264,robertyoung@upi,47465.85,Merchant Payment,Kolkata,06:46:54,iOS,0
TXN00265,michael46@upi,10754.87,Merchant Payment,Hyderabad,09:06:42,Android,0
TXN00266,hilltammy@upi,2580.78,Bill Payment,Bangalore,12:07:09,Android,0
TXN00267,hardingrichard@upi,31170.39,Bill Payment,Chennai,00:44:32,Android,1
TXN00268,tiffanybrown@upi,3766.14,Send Money,Mumbai,17:27:45,Android,0
TXN00269,amberward@upi,29918.32,Send Money,Bangalore,09:16:30,Android,0
TXN00270,brittany26@upi,126.95,Merchant Payment,Kolkata,18:20:52,iOS,0
TXN00271,vfoster@upi,18055.09,Merchant Payment,Bangalore,23:10:59,Android,0
TXN00272,hlogan@upi,47512.37,Merchant Payment,Mumbai,05:28:10,Android,1
TXN00273,griffindouglas@upi,4344.39,Merchant Payment,Chennai,03:22:56,Android,0
TXN00274,fmills@upi,34616.91,Bill Payment,Mumbai,02:11:02,iOS,1
TXN00275,jennifer68@upi,24476.35,Merchant Payment,Bangalore,13:37:39,iOS,0
TXN00276,jmclean@upi,33499.17,Bill Payment,Mumbai,01:29:39,Android,1
TXN00277,rhonda72@upi,27794.77,Bill Payment,Delhi,17:53:42,Android,0
TXN00278,perryneil@upi,34874.04,Send Money,Bangalore,09:00:02,iOS,0
TXN00279,cbrown@upi,21093.92,Send Money,Delhi,20:02:57,Android,0
TXN00280,ephillips@upi,42229.02,Bill Payment,Bangalore,03:39:50,iOS,1
TXN00281,cynthiatownsend@upi,32230.89,Bill Payment,Bangalore,21:17:28,iOS,0
TXN00282,ithomas@upi,3856.89,Send Money,Bangalore,02:55:09,iOS,0
TXN00283,fnelson@upi,20230.23,Merchant Payment,Mumbai,18:14:24,iOS,0
TXN00284,nicole90@upi,15944.44,Bill Payment,Mumbai,13:36:23,iOS,0
TXN00285,gburgess@upi,43834.5,Bill Payment,Bangalore,07:43:57,iOS,1
TXN00286,umcdonald@upi,21.87,Send Money,Chennai,19:25:01,iOS,0
TXN00287,ochoajessica@upi,39941.17,Merchant Payment,Kolkata,15:59:34,iOS,0
TXN00288,lreed@upi,4436.29,Bill Payment,Chennai,18:04:47,iOS,0
TXN00289,erin45@upi,43685.12,Merchant Payment,Mumbai,11:02:11,iOS,0
TXN00290,khorn@upi,16825.16,Send Money,Mumbai,19:54:22,iOS,0
TXN00291,kgilmore@upi,23370.87,Bill Payment,Delhi,13:08:56,iOS,0
TXN00292,sharon12@upi,29459.54,Send Money,Chennai,13:46:03,iOS,0
TXN00293,joseph69@upi,5482.29,Send Money,Hyderabad,10:43:38,iOS,1
TXN00294,stevensjohn@upi,39901.49,Send Money,Bangalore,09:33:32,iOS,0
TXN00295,brian18@upi,43957.12,Bill Payment,Bangalore,15:29:45,iOS,0
TXN00296,mitchellcole@upi,8360.03,Merchant Payment,Hyderabad,15:56:43,Android,0
TXN00297,codycunningham@upi,30390.76,Send Money,Kolkata,05:03:42,iOS,1
TXN00298,ubell@upi,2356.8,Send Money,Delhi,03:21:36,Android,0
TXN00299,willisgregory@upi,38981.43,Bill Payment,Chennai,20:51:21,Android,0
TXN00300,ronniehull@upi,10824.04,Send Money,Bangalore,04:23:57,iOS,1
TXN00301,kennethdaniel@upi,8703.02,Bill Payment,Bangalore,08:05:41,iOS,0
TXN00302,alexanderwalker@upi,49816.83,Merchant Payment,Bangalore,11:10:22,iOS,0
TXN00303,carolynpittman@upi,37396.1,Send Money,Mumbai,19:17:40,iOS,0
TXN00304,phillipscraig@upi,4583.43,Send Money,Bangalore,11:48:41,Android,0
TXN00305,stephenfowler@upi,44438.52,Send Money,Delhi,09:15:30,iOS,0
TXN00306,wendyperkins@upi,16459.28,Send Money,Chennai,08:20:10,Android,0
TXN00307,melissa72@upi,20428.58,Merchant Payment,Kolkata,13:46:30,iOS,0
TXN00308,mjohnson@upi,2448.69,Bill Payment,Kolkata,21:55:53,Android,0
TXN00309,sean77@upi,34166.11,Send Money,Chennai,04:31:58,Android,1
TXN00310,vballard@upi,3085.24,Send Money,Kolkata,12:25:19,Android,0
TXN00311,patrick85@upi,28570.23,Bill Payment,Bangalore,09:16:10,Android,0
TXN00312,ssnyder@upi,43932.71,Merchant Payment,Hyderabad,01:31:13,Android,1
TXN00313,jguzman@upi,7875.46,Send Money,Chennai,12:09:07,Android,0
TXN00314,thomasliu@upi,46505.22,Merchant Payment,Bangalore,04:10:08,iOS,1
TXN00315,ginabowers@upi,9469.18,Send Money,Bangalore,16:24:56,Android,0
TXN00316,landryamy@upi,1472.07,Merchant Payment,Delhi,10:16:08,iOS,0
TXN00317,alicia01@upi,11438.97,Merchant Payment,Delhi,19:20:14,iOS,0
TXN00318,mhenderson@upi,37834.22,Merchant Payment,Delhi,08:40:55,iOS,0
TXN00319,nbecker@upi,16328.41,Send Money,Mumbai,00:25:42,iOS,0
TXN00320,thomas86@upi,31703.95,Send Money,Bangalore,03:42:29,iOS,1
TXN00321,ryan57@upi,5357.96,Bill Payment,Delhi,12:17:13,Android,1
TXN00322,xgarcia@upi,17100.19,Merchant Payment,Kolkata,20:46:52,Android,0
TXN00323,kylewolfe@upi,46862.05,Bill Payment,Hyderabad,08:53:25,Android,0
TXN00324,erin06@upi,38551.5,Send Money,Delhi,07:17:22,iOS,0
TXN00325,castrojohn@upi,31049.57,Merchant Payment,Delhi,22:41:07,iOS,1
TXN00326,zscott@upi,33805.85,Merchant Payment,Bangalore,13:25:46,iOS,0
TXN00327,gabrielrobinson@upi,1239.1,Merchant Payment,Mumbai,08:08:46,iOS,0
TXN00328,terryfletcher@upi,40941.09,Merchant Payment,Delhi,04:12:19,Android,1
TXN00329,tjarvis@upi,22300.68,Bill Payment,Delhi,00:38:06,Android,0
TXN00330,sjones@upi,5118.66,Send Money,Chennai,16:47:58,Android,0
TXN00331,trevor24@upi,41998.96,Merchant Payment,Kolkata,17:38:09,iOS,0
TXN00332,garcialindsey@upi,13670.24,Send Money,Kolkata,03:11:03,iOS,0
TXN00333,william28@upi,36566.19,Merchant Payment,Chennai,22:08:58,Android,1
TXN00334,sara44@upi,38007.1,Send Money,Bangalore,10:30:08,Android,0
TXN00335,kwilliams@upi,44706.02,Merchant Payment,Delhi,18:32:46,Android,0
TXN00336,chungkristine@upi,43407.46,Bill Payment,Hyderabad,17:46:15,iOS,0
TXN00337,powersdana@upi,7970.69,Send Money,Mumbai,07:41:58,Android,0
TXN00338,afrazier@upi,38548.38,Bill Payment,Delhi,20:43:47,iOS,0
TXN00339,lisa44@upi,39841.92,Send Money,Hyderabad,15:02:30,iOS,0
TXN00340,rschroeder@upi,39828.9,Send Money,Kolkata,17:37:55,iOS,0
TXN00341,fallen@upi,30369.25,Send Money,Kolkata,11:02:15,iOS,0
TXN00342,lukeboone@upi,3219.8,Bill Payment,Chennai,21:29:00,Android,0
TXN00343,noblealan@upi,21668.0,Send Money,Mumbai,08:22:28,iOS,0
TXN00344,juanwoods@upi,34026.03,Bill Payment,Kolkata,07:59:49,Android,0
TXN00345,steven12@upi,14590.21,Send Money,Mumbai,10:00:14,Android,1
TXN00346,joseph23@upi,45391.85,Merchant Payment,Kolkata,21:39:36,Android,0
TXN00347,alexanderbrian@upi,12109.83,Send Money,Kolkata,18:18:06,iOS,0
TXN00348,jlara@upi,24123.0,Send Money,Delhi,06:02:16,iOS,0
TXN00349,bradleyjames@upi,16329.8,Bill Payment,Mumbai,16:23:51,Android,0
TXN00350,codytownsend@upi,4134.6,Send Money,Hyderabad,12:57:02,iOS,0
TXN00351,kenneth59@upi,6644.46,Merchant Payment,Delhi,03:59:48,iOS,0
TXN00352,adamsjennifer@upi,41073.82,Bill Payment,Hyderabad,12:21:21,Android,1
TXN00353,jamie23@upi,6219.76,Merchant Payment,Kolkata,15:26:59,Android,0
TXN00354,zfrederick@upi,2608.04,Send Money,Delhi,21:25:00,iOS,0
TXN00355,sbarker@upi,35707.21,Bill Payment,Hyderabad,13:00:55,iOS,0
TXN00356,joanna56@upi,24225.08,Merchant Payment,Hyderabad,00:16:53,iOS,0
TXN00357,julian66@upi,40866.72,Bill Payment,Bangalore,18:53:24,Android,0
TXN00358,ghunt@upi,36582.16,Merchant Payment,Delhi,15:35:17,iOS,0
TXN00359,kevinpatterson@upi,32518.21,Send Money,Chennai,12:26:21,Android,0
TXN00360,cmartinez@upi,48793.5,Send Money,Chennai,14:25:03,Android,0
TXN00361,amber71@upi,2192.65,Bill Payment,Kolkata,08:57:08,iOS,0
TXN00362,wroach@upi,16622.41,Send Money,Bangalore,15:51:09,Android,0
TXN00363,banderson@upi,20169.04,Send Money,Chennai,20:28:13,iOS,0
TXN00364,robinsonjustin@upi,12891.57,Send Money,Kolkata,00:23:10,Android,0
TXN00365,philip59@upi,37137.9,Send Money,Hyderabad,06:04:31,iOS,0
TXN00366,holson@upi,49382.6,Bill Payment,Mumbai,17:37:26,Android,0
TXN00367,jessica64@upi,21936.38,Send Money,Delhi,23:07:20,iOS,0
TXN00368,monicaallen@upi,29890.2,Bill Payment,Delhi,13:52:54,Android,0
TXN00369,tstewart@upi,45619.04,Merchant Payment,Chennai,06:25:35,iOS,0
TXN00370,erik66@upi,36658.32,Merchant Payment,Delhi,18:19:04,iOS,0
TXN00371,kellerdanielle@upi,30096.75,Bill Payment,Hyderabad,22:51:09,iOS,1
TXN00372,moorestephanie@upi,9057.04,Send Money,Kolkata,08:09:05,Android,0
TXN00373,taylorlaura@upi,4878.7,Send Money,Kolkata,10:44:00,iOS,0
TXN00374,qwest@upi,33134.44,Merchant Payment,Kolkata,15:33:17,Android,0
TXN00375,snydercatherine@upi,48470.92,Bill Payment,Bangalore,14:58:44,Android,0
TXN00376,dmcbride@upi,29424.75,Send Money,Bangalore,21:57:23,iOS,0
TXN00377,benjamin77@upi,8496.2,Bill Payment,Chennai,19:21:56,iOS,0
TXN00378,sydney74@upi,7296.37,Send Money,Hyderabad,17:35:23,iOS,0
TXN00379,hernandezaaron@upi,35341.79,Bill Payment,Hyderabad,01:38:37,iOS,1
TXN00380,douglasguerra@upi,1843.2,Send Money,Chennai,14:13:18,iOS,0
TXN00381,halljason@upi,42210.08,Merchant Payment,Kolkata,21:26:38,iOS,0
TXN00382,richardsonkristen@upi,1719.05,Bill Payment,Delhi,13:31:11,Android,0
TXN00383,chungdaniel@upi,46830.92,Send Money,Mumbai,04:34:31,Android,1
TXN00384,rebecca55@upi,11242.81,Send Money,Chennai,01:11:27,Android,0
TXN00385,parkerkevin@upi,25366.67,Bill Payment,Hyderabad,22:42:50,iOS,0
TXN00386,robertgrant@upi,24000.06,Merchant Payment,Bangalore,18:39:10,iOS,1
TXN00387,maria78@upi,31959.61,Send Money,Bangalore,00:28:26,iOS,1
TXN00388,michaelgray@upi,17139.25,Bill Payment,Hyderabad,21:37:02,Android,0
TXN00389,whitneyhardy@upi,15403.42,Bill Payment,Delhi,04:43:14,iOS,0
TXN00390,thomas84@upi,48495.9,Send Money,Chennai,05:45:39,iOS,1
TXN00391,browntammy@upi,11735.72,Merchant Payment,Kolkata,05:34:53,Android,0
TXN00392,prodriguez@upi,41907.38,Bill Payment,Bangalore,19:06:48,iOS,0
TXN00393,becky23@upi,12214.92,Bill Payment,Mumbai,20:10:38,iOS,0
TXN00394,rachelmedina@upi,39777.56,Send Money,Mumbai,22:16:38,Android,0
TXN00395,mfrey@upi,41343.68,Send Money,Mumbai,20:42:01,iOS,0
TXN00396,craigkathy@upi,7972.78,Bill Payment,Mumbai,11:26:22,Android,0
TXN00397,jack90@upi,43538.96,Send Money,Chennai,14:23:55,Android,0
TXN00398,urusso@upi,5464.39,Bill Payment,Chennai,22:14:45,iOS,0
TXN00399,mercedesmontoya@upi,33382.99,Bill Payment,Delhi,04:59:35,iOS,1
TXN00400,anthony80@upi,43895.78,Merchant Payment,Bangalore,13:35:14,Android,0
TXN00401,joseph15@upi,6019.25,Bill Payment,Mumbai,21:53:06,Android,0
TXN00402,turnerdonna@upi,18329.41,Merchant Payment,Chennai,20:46:04,Android,0
TXN00403,qgonzalez@upi,22440.19,Send Money,Mumbai,05:59:00,Android,0
TXN00404,lalvarado@upi,3669.06,Merchant Payment,Kolkata,11:48:49,iOS,0
TXN00405,marie67@upi,23180.07,Merchant Payment,Chennai,14:50:30,iOS,1
TXN00406,racheldaugherty@upi,42359.9,Send Money,Chennai,07:10:18,iOS,0
TXN00407,genebutler@upi,7458.1,Send Money,Hyderabad,23:32:21,iOS,0
TXN00408,rebecca02@upi,38246.51,Bill Payment,Kolkata,23:26:14,iOS,1
TXN00409,lisa70@upi,35777.39,Merchant Payment,Chennai,00:23:52,Android,1
TXN00410,alfred99@upi,9796.94,Merchant Payment,Chennai,23:19:22,iOS,1
TXN00411,rittermarie@upi,32738.11,Merchant Payment,Hyderabad,11:42:23,Android,0
TXN00412,john10@upi,9735.97,Bill Payment,Chennai,03:34:26,iOS,0
TXN00413,brownpaul@upi,14250.8,Merchant Payment,Chennai,21:09:27,Android,0
TXN00414,wendybanks@upi,29050.79,Bill Payment,Hyderabad,12:52:05,iOS,0
TXN00415,karengonzalez@upi,13638.47,Bill Payment,Mumbai,11:13:32,iOS,0
TXN00416,davidperez@upi,34059.08,Bill Payment,Chennai,22:06:06,Android,0
TXN00417,wilsondebra@upi,5352.78,Bill Payment,Chennai,14:10:14,iOS,0
TXN00418,gellis@upi,21232.13,Bill Payment,Kolkata,16:58:13,Android,0
TXN00419,xwise@upi,26329.69,Merchant Payment,Bangalore,22:27:40,Android,0
TXN00420,cweaver@upi,40961.25,Bill Payment,Hyderabad,00:23:35,Android,1
TXN00421,garciastephanie@upi,39689.26,Merchant Payment,Delhi,21:34:39,iOS,0
TXN00422,charles90@upi,41994.67,Send Money,Delhi,03:21:29,Android,1
TXN00423,torreschloe@upi,39028.47,Bill Payment,Bangalore,03:10:32,iOS,1
TXN00424,robertvalenzuela@upi,21192.68,Bill Payment,Mumbai,11:15:32,iOS,0
TXN00425,ricardoacosta@upi,7493.7,Merchant Payment,Delhi,07:40:11,Android,0
TXN00426,buchananluke@upi,36846.32,Bill Payment,Mumbai,07:58:10,Android,0
TXN00427,lorimitchell@upi,8930.51,Send Money,Bangalore,10:03:57,iOS,0
TXN00428,christina60@upi,31901.66,Send Money,Kolkata,22:28:12,Android,0
TXN00429,charles93@upi,24843.38,Bill Payment,Bangalore,01:09:24,Android,0
TXN00430,saraharmstrong@upi,20221.9,Bill Payment,Chennai,13:32:07,Android,0
TXN00431,kevinbutler@upi,800.9,Bill Payment,Bangalore,11:35:16,iOS,0
TXN00432,yolanda33@upi,28923.56,Merchant Payment,Chennai,06:31:31,iOS,0
TXN00433,fletcherbilly@upi,32268.04,Merchant Payment,Mumbai,23:33:58,iOS,1
TXN00434,acarter@upi,18354.13,Bill Payment,Mumbai,19:32:35,Android,0
TXN00435,codyrivera@upi,25957.8,Bill Payment,Hyderabad,18:55:00,Android,0
TXN00436,qknox@upi,32012.01,Bill Payment,Delhi,18:35:11,Android,0
TXN00437,ypeters@upi,16223.44,Merchant Payment,Kolkata,18:07:47,iOS,0
TXN00438,rreed@upi,18930.04,Bill Payment,Mumbai,19:39:14,Android,0
TXN00439,zachary68@upi,23265.63,Bill Payment,Hyderabad,22:56:56,iOS,1
TXN00440,robertfrank@upi,8773.39,Merchant Payment,Mumbai,15:32:49,Android,0
TXN00441,ishaw@upi,4842.86,Send Money,Hyderabad,05:48:48,Android,0
TXN00442,allisonleonard@upi,49062.01,Merchant Payment,Kolkata,02:23:06,Android,1
TXN00443,daustin@upi,6000.25,Merchant Payment,Kolkata,02:00:45,Android,0
TXN00444,nicole68@upi,38432.3,Send Money,Mumbai,14:40:09,iOS,0
TXN00445,qkelley@upi,31183.05,Bill Payment,Mumbai,09:41:46,Android,0
TXN00446,whitejeffrey@upi,39103.58,Bill Payment,Chennai,11:08:37,iOS,0
TXN00447,joshua19@upi,11375.59,Send Money,Delhi,13:50:33,Android,0
TXN00448,adriantucker@upi,46848.52,Send Money,Mumbai,00:50:13,Android,1
TXN00449,floreslouis@upi,41266.05,Bill Payment,Delhi,02:28:15,iOS,1
TXN00450,klarson@upi,43668.1,Bill Payment,Bangalore,21:29:12,iOS,0
TXN00451,garcialisa@upi,49607.98,Send Money,Hyderabad,04:08:00,iOS,1
TXN00452,schmidtlydia@upi,25062.64,Send Money,Delhi,06:48:12,iOS,0
TXN00453,edwardsbrianna@upi,19037.36,Bill Payment,Kolkata,12:14:02,iOS,0
TXN00454,jonesmichael@upi,39503.62,Bill Payment,Mumbai,09:07:40,Android,0
TXN00455,jessicahuerta@upi,8684.49,Bill Payment,Bangalore,19:53:59,iOS,1
TXN00456,gatesgeorge@upi,28656.34,Bill Payment,Mumbai,05:42:10,iOS,0
TXN00457,ttaylor@upi,43102.1,Merchant Payment,Kolkata,04:15:17,Android,1
TXN00458,thomas75@upi,30316.58,Bill Payment,Kolkata,12:34:19,Android,0
TXN00459,nperez@upi,47640.35,Bill Payment,Mumbai,20:16:07,Android,0
TXN00460,padillarobert@upi,3417.93,Bill Payment,Hyderabad,10:52:06,Android,0
TXN00461,nancythompson@upi,4007.47,Send Money,Kolkata,22:37:08,iOS,0
TXN00462,andersonvalerie@upi,5292.18,Bill Payment,Chennai,04:08:07,Android,0
TXN00463,earlcole@upi,32513.55,Merchant Payment,Bangalore,04:51:45,Android,1
TXN00464,jkeller@upi,39040.27,Bill Payment,Mumbai,20:04:35,iOS,0
TXN00465,hayesjasmine@upi,37715.13,Merchant Payment,Mumbai,11:59:59,Android,0
TXN00466,smithwilliam@upi,7121.05,Send Money,Hyderabad,01:14:47,iOS,0
TXN00467,juliemoore@upi,8896.54,Send Money,Hyderabad,12:12:20,iOS,1
TXN00468,lisa97@upi,40700.37,Merchant Payment,Hyderabad,09:51:32,iOS,0
TXN00469,njones@upi,32789.63,Bill Payment,Delhi,12:33:16,Android,0
TXN00470,vmartin@upi,20245.87,Send Money,Bangalore,18:21:49,Android,0
TXN00471,christianholmes@upi,24086.93,Merchant Payment,Chennai,22:40:34,Android,0
TXN00472,xwhite@upi,561.45,Bill Payment,Kolkata,15:37:04,Android,0
TXN00473,mario15@upi,39518.98,Send Money,Delhi,01:46:14,Android,1
TXN00474,whardin@upi,6864.11,Merchant Payment,Chennai,03:18:23,Android,0
TXN00475,gary85@upi,41716.83,Send Money,Chennai,17:27:52,Android,0
TXN00476,cmartinez@upi,47979.24,Send Money,Bangalore,11:17:22,Android,0
TXN00477,jnichols@upi,22724.32,Merchant Payment,Chennai,22:01:03,iOS,0
TXN00478,wellsmatthew@upi,43234.37,Bill Payment,Bangalore,19:46:33,Android,0
TXN00479,francisshane@upi,42979.67,Bill Payment,Chennai,17:34:14,iOS,0
TXN00480,danielsutton@upi,47767.18,Send Money,Mumbai,23:44:25,Android,1
TXN00481,sean94@upi,34409.85,Send Money,Mumbai,04:19:59,iOS,1
TXN00482,ryan70@upi,46516.64,Send Money,Hyderabad,13:42:41,Android,0
TXN00483,xjimenez@upi,19323.58,Bill Payment,Mumbai,14:02:59,Android,0
TXN00484,ortegadavid@upi,22536.48,Send Money,Bangalore,22:37:37,Android,0
TXN00485,menglish@upi,25615.97,Send Money,Chennai,14:12:42,iOS,0
TXN00486,daniel27@upi,35819.01,Send Money,Bangalore,02:39:17,iOS,1
TXN00487,dennistravis@upi,5277.32,Send Money,Chennai,18:49:14,iOS,0
TXN00488,nataliecarter@upi,17669.04,Bill Payment,Hyderabad,10:17:15,Android,1
TXN00489,brandon74@upi,47116.35,Merchant Payment,Hyderabad,05:00:18,Android,1
TXN00490,jamesowens@upi,8713.73,Send Money,Chennai,23:13:32,iOS,0
TXN00491,ortizjennifer@upi,3444.95,Bill Payment,Kolkata,02:30:03,Android,0
TXN00492,amanda31@upi,48393.32,Merchant Payment,Mumbai,12:17:16,Android,0
TXN00493,tracyhernandez@upi,10292.31,Send Money,Hyderabad,13:50:11,iOS,0
TXN00494,michellegordon@upi,3472.02,Send Money,Delhi,16:38:00,Android,0
TXN00495,qnash@upi,48424.75,Send Money,Hyderabad,23:22:39,iOS,1
TXN00496,matthew05@upi,23722.06,Bill Payment,Kolkata,16:53:09,Android,0
TXN00497,websterbrittany@upi,37406.18,Bill Payment,Bangalore,19:53:16,iOS,0
TXN00498,kim25@upi,46404.9,Merchant Payment,Mumbai,22:28:31,Android,0
TXN00499,vcarlson@upi,27509.1,Bill Payment,Mumbai,03:13:16,iOS,0
TXN00500,maddenjames@upi,12042.23,Send Money,Hyderabad,11:34:23,iOS,0
TXN00501,nnash@upi,645.62,Send Money,Bangalore,02:48:59,iOS,0
TXN00502,christianstephen@upi,43069.89,Send Money,Hyderabad,10:10:58,Android,0
TXN00503,thompsondavid@upi,31807.18,Bill Payment,Chennai,06:52:33,iOS,0
TXN00504,cgiles@upi,36427.25,Merchant Payment,Hyderabad,15:23:24,iOS,0
TXN00505,angelamelendez@upi,27255.9,Merchant Payment,Mumbai,05:36:56,iOS,0
TXN00506,david36@upi,36400.08,Bill Payment,Chennai,08:27:35,Android,0
TXN00507,melissahernandez@upi,40891.09,Merchant Payment,Bangalore,09:30:30,Android,0
TXN00508,snyderrobert@upi,36642.75,Merchant Payment,Chennai,08:34:14,Android,0
TXN00509,simoncaleb@upi,30600.91,Bill Payment,Bangalore,05:14:25,Android,1
TXN00510,zacharywest@upi,34447.38,Merchant Payment,Hyderabad,21:35:39,Android,0
TXN00511,ubrennan@upi,21695.69,Bill Payment,Delhi,12:14:54,iOS,0
TXN00512,gary30@upi,37088.19,Merchant Payment,Mumbai,06:24:32,iOS,0
TXN00513,vbird@upi,20080.7,Bill Payment,Delhi,23:06:38,Android,0
TXN00514,fgarner@upi,37119.98,Bill Payment,Bangalore,18:21:32,Android,0
TXN00515,cluna@upi,18769.24,Send Money,Hyderabad,01:04:04,iOS,0
TXN00516,reedtara@upi,38051.93,Bill Payment,Hyderabad,06:26:04,Android,0
TXN00517,eric31@upi,37479.78,Send Money,Mumbai,20:30:31,iOS,0
TXN00518,rogersmarissa@upi,7452.91,Merchant Payment,Kolkata,05:47:35,iOS,0
TXN00519,christianwilliams@upi,6244.46,Merchant Payment,Chennai,04:02:03,iOS,0
TXN00520,nicholasbell@upi,44310.93,Merchant Payment,Delhi,01:32:31,Android,1
TXN00521,jhicks@upi,33155.47,Bill Payment,Chennai,18:38:03,iOS,0
TXN00522,jamiegray@upi,17781.1,Send Money,Chennai,08:17:03,iOS,0
TXN00523,estradaamy@upi,43714.38,Send Money,Kolkata,17:14:12,Android,0
TXN00524,murraykatie@upi,29003.39,Merchant Payment,Hyderabad,12:27:19,iOS,0
TXN00525,margaret69@upi,24335.02,Bill Payment,Delhi,03:36:49,Android,0
TXN00526,nathaniel40@upi,41254.22,Send Money,Kolkata,16:26:46,Android,0
TXN00527,bhammond@upi,16718.57,Bill Payment,Delhi,00:10:56,iOS,0
TXN00528,thomasemily@upi,41258.28,Merchant Payment,Chennai,20:46:31,iOS,0
TXN00529,ihardy@upi,36777.93,Send Money,Delhi,04:19:07,Android,1
TXN00530,fosterdavid@upi,11038.39,Merchant Payment,Hyderabad,14:55:14,Android,0
TXN00531,cookashley@upi,36683.46,Bill Payment,Chennai,04:48:39,Android,1
TXN00532,morganheather@upi,21068.19,Merchant Payment,Bangalore,02:22:01,Android,0
TXN00533,cmorales@upi,41991.72,Merchant Payment,Mumbai,20:12:07,iOS,0
TXN00534,sean93@upi,9231.97,Send Money,Delhi,01:13:12,iOS,0
TXN00535,ibrown@upi,35015.6,Bill Payment,Kolkata,10:36:59,iOS,0
TXN00536,fmason@upi,25908.76,Send Money,Bangalore,04:37:38,Android,0
TXN00537,jenny90@upi,42637.87,Bill Payment,Bangalore,03:54:51,Android,1
TXN00538,keithlane@upi,42098.26,Send Money,Hyderabad,23:02:34,Android,1
TXN00539,shawtony@upi,21764.67,Send Money,Hyderabad,07:22:13,iOS,0
TXN00540,michael62@upi,2501.6,Merchant Payment,Delhi,05:36:57,Android,0
TXN00541,bjohnson@upi,36478.12,Bill Payment,Mumbai,22:36:44,iOS,0
TXN00542,omatthews@upi,6576.16,Send Money,Hyderabad,10:17:07,iOS,0
TXN00543,monicajohnston@upi,680.0,Bill Payment,Kolkata,20:57:59,iOS,0
TXN00544,wgibson@upi,12356.47,Bill Payment,Delhi,06:26:05,iOS,0
TXN00545,james27@upi,21450.06,Send Money,Chennai,08:32:19,iOS,0
TXN00546,henrymonica@upi,24383.68,Merchant Payment,Hyderabad,11:07:37,iOS,0
TXN00547,michellevega@upi,6970.88,Bill Payment,Mumbai,12:17:30,Android,0
TXN00548,qhoward@upi,44992.67,Bill Payment,Bangalore,11:01:07,iOS,0
TXN00549,cheryl61@upi,44107.96,Send Money,Delhi,15:22:29,iOS,0
TXN00550,xmartinez@upi,13015.29,Send Money,Chennai,12:55:47,iOS,1
TXN00551,emily79@upi,7256.8,Merchant Payment,Delhi,16:54:14,Android,0
TXN00552,jimcardenas@upi,23201.99,Send Money,Chennai,12:52:33,iOS,1
TXN00553,xwilliams@upi,9158.94,Send Money,Delhi,06:25:31,Android,0
TXN00554,nmyers@upi,12555.82,Merchant Payment,Kolkata,10:43:23,Android,0
TXN00555,clayton60@upi,49026.04,Send Money,Delhi,05:46:07,iOS,1
TXN00556,echen@upi,36143.49,Send Money,Kolkata,10:46:33,Android,0
TXN00557,tanner58@upi,4095.45,Bill Payment,Delhi,16:42:08,Android,0
TXN00558,hendersonangela@upi,7056.57,Bill Payment,Mumbai,09:19:25,iOS,0
TXN00559,tlucas@upi,43100.73,Merchant Payment,Chennai,02:49:48,Android,1
TXN00560,michael46@upi,27276.14,Merchant Payment,Kolkata,11:48:20,iOS,0
TXN00561,dsimpson@upi,48903.31,Merchant Payment,Mumbai,01:27:22,iOS,1
TXN00562,garciakathryn@upi,16995.48,Send Money,Hyderabad,10:56:32,iOS,0
TXN00563,rebeccajones@upi,37840.01,Bill Payment,Chennai,01:08:58,Android,1
TXN00564,starkbrandon@upi,43980.3,Bill Payment,Bangalore,04:41:47,Android,1
TXN00565,victoriakeller@upi,22567.45,Bill Payment,Hyderabad,19:50:27,iOS,0
TXN00566,btate@upi,27630.16,Bill Payment,Bangalore,09:23:40,iOS,0
TXN00567,stewartlaura@upi,19542.51,Merchant Payment,Kolkata,08:16:29,Android,0
TXN00568,roybrandi@upi,41106.94,Bill Payment,Bangalore,09:58:20,Android,0
TXN00569,kathleenbecker@upi,9788.51,Bill Payment,Hyderabad,18:14:27,iOS,0
TXN00570,madkins@upi,13829.32,Merchant Payment,Mumbai,20:49:18,Android,0
TXN00571,brianwheeler@upi,44848.93,Bill Payment,Delhi,21:03:27,iOS,0
TXN00572,brandon35@upi,39665.13,Merchant Payment,Bangalore,21:35:45,Android,0
TXN00573,frussell@upi,13852.46,Bill Payment,Mumbai,09:44:11,iOS,0
TXN00574,jthomas@upi,9219.4,Send Money,Hyderabad,14:20:54,iOS,0
TXN00575,brittanypatrick@upi,22021.77,Bill Payment,Kolkata,17:41:01,iOS,0
TXN00576,parkerkevin@upi,5891.02,Merchant Payment,Kolkata,11:30:17,Android,1
TXN00577,ryanruben@upi,20893.87,Merchant Payment,Chennai,02:54:21,Android,0
TXN00578,jessegallegos@upi,16157.33,Bill Payment,Delhi,06:10:03,Android,0
TXN00579,espinozajohn@upi,6500.02,Send Money,Mumbai,16:24:42,Android,0
TXN00580,weeksamanda@upi,35970.49,Bill Payment,Delhi,02:37:12,iOS,1
TXN00581,deniseherrera@upi,18957.57,Merchant Payment,Chennai,03:08:15,iOS,0
TXN00582,raguilar@upi,40954.99,Bill Payment,Kolkata,10:12:58,Android,0
TXN00583,qparks@upi,49403.4,Bill Payment,Hyderabad,23:02:12,iOS,1
TXN00584,jessica11@upi,15709.9,Bill Payment,Kolkata,15:01:03,Android,0
TXN00585,amaynard@upi,26276.49,Send Money,Hyderabad,01:46:58,iOS,0
TXN00586,emily97@upi,35956.68,Merchant Payment,Hyderabad,18:50:57,iOS,0
TXN00587,lisawatts@upi,22523.05,Bill Payment,Bangalore,01:20:54,Android,0
TXN00588,jocelyntaylor@upi,28866.71,Send Money,Chennai,14:53:14,iOS,0
TXN00589,zacharyjohnson@upi,48955.46,Merchant Payment,Mumbai,06:26:20,iOS,0
TXN00590,cjones@upi,5326.12,Merchant Payment,Hyderabad,02:05:31,Android,0
TXN00591,michaelbowers@upi,42788.31,Send Money,Bangalore,11:07:59,iOS,0
TXN00592,jeancruz@upi,10784.34,Merchant Payment,Chennai,17:09:33,Android,0
TXN00593,lampatricia@upi,20421.23,Bill Payment,Hyderabad,04:29:18,iOS,0
TXN00594,richardselizabeth@upi,40371.73,Send Money,Delhi,04:10:54,Android,1
TXN00595,jwood@upi,45360.68,Merchant Payment,Bangalore,09:33:31,Android,0
TXN00596,jonesann@upi,19494.07,Bill Payment,Kolkata,06:09:58,iOS,0
TXN00597,maxwelljennifer@upi,27336.94,Merchant Payment,Bangalore,23:16:53,iOS,0
TXN00598,shelly11@upi,23958.71,Send Money,Mumbai,10:20:28,iOS,0
TXN00599,amy77@upi,45904.65,Merchant Payment,Kolkata,11:19:21,iOS,0
TXN00600,rrojas@upi,48639.09,Merchant Payment,Delhi,01:57:19,Android,1
TXN00601,zachary65@upi,40247.29,Send Money,Kolkata,17:15:30,Android,0
TXN00602,murphyallison@upi,31415.62,Send Money,Hyderabad,13:41:10,Android,0
TXN00603,crystal00@upi,5637.89,Bill Payment,Chennai,01:52:59,Android,0
TXN00604,marcusmoore@upi,13173.16,Send Money,Mumbai,00:23:00,iOS,0
TXN00605,trujillomartin@upi,41228.5,Send Money,Bangalore,23:05:18,Android,1
TXN00606,dcarpenter@upi,15002.96,Bill Payment,Mumbai,00:26:25,iOS,0
TXN00607,brittany31@upi,43863.2,Bill Payment,Mumbai,14:36:08,Android,0
TXN00608,smithsandra@upi,44616.2,Merchant Payment,Chennai,17:48:15,iOS,0
TXN00609,hbrooks@upi,1743.17,Merchant Payment,Bangalore,16:28:53,iOS,0
TXN00610,figueroaallison@upi,28671.73,Send Money,Chennai,16:51:01,iOS,0
TXN00611,justin00@upi,29952.94,Send Money,Chennai,18:37:40,Android,0
TXN00612,brucekristy@upi,1641.96,Merchant Payment,Mumbai,15:41:25,iOS,0
TXN00613,sharon26@upi,28592.9,Send Money,Hyderabad,14:59:26,iOS,0
TXN00614,bryantamy@upi,38696.24,Send Money,Bangalore,18:25:09,iOS,0
TXN00615,davidhernandez@upi,8537.39,Send Money,Bangalore,23:02:44,iOS,0
TXN00616,bruceporter@upi,35134.66,Merchant Payment,Hyderabad,01:49:09,iOS,1
TXN00617,jfletcher@upi,11716.88,Send Money,Bangalore,03:36:36,iOS,0
TXN00618,kabbott@upi,13585.72,Merchant Payment,Mumbai,03:45:32,Android,0
TXN00619,wthomas@upi,20354.53,Bill Payment,Mumbai,19:20:44,iOS,0
TXN00620,andrewhensley@upi,23629.94,Bill Payment,Bangalore,04:53:25,iOS,0
TXN00621,moodynathan@upi,23487.39,Send Money,Chennai,09:30:24,Android,0
TXN00622,christinabush@upi,9812.92,Merchant Payment,Chennai,15:03:41,iOS,0
TXN00623,nthomas@upi,25833.47,Bill Payment,Mumbai,16:24:22,iOS,0
TXN00624,daniel52@upi,41667.52,Send Money,Delhi,18:53:52,Android,0
TXN00625,eschroeder@upi,28606.71,Bill Payment,Delhi,17:43:42,Android,0
TXN00626,martinezdeanna@upi,13898.33,Send Money,Mumbai,03:16:20,Android,0
TXN00627,juliehaney@upi,26584.66,Merchant Payment,Mumbai,13:42:06,Android,0
TXN00628,halljoan@upi,35115.92,Merchant Payment,Bangalore,16:34:50,Android,0
TXN00629,ethomas@upi,8268.54,Merchant Payment,Hyderabad,20:48:30,iOS,0
TXN00630,jennifermcintyre@upi,35704.49,Send Money,Mumbai,03:40:18,Android,1
TXN00631,tapiabrittany@upi,35924.28,Bill Payment,Chennai,05:51:23,iOS,1
TXN00632,gilbertmaria@upi,43145.4,Bill Payment,Kolkata,15:07:01,Android,0
TXN00633,barneshelen@upi,2037.53,Bill Payment,Delhi,21:48:51,iOS,0
TXN00634,christine78@upi,40019.74,Bill Payment,Chennai,11:32:08,Android,0
TXN00635,pamela20@upi,27483.69,Send Money,Mumbai,16:55:06,iOS,0
TXN00636,moralesashley@upi,17745.02,Merchant Payment,Delhi,15:12:12,Android,0
TXN00637,natashamartin@upi,32326.04,Merchant Payment,Bangalore,02:00:32,Android,1
TXN00638,robert62@upi,516.46,Bill Payment,Bangalore,07:23:12,iOS,0
TXN00639,hoffmanjesus@upi,7724.54,Merchant Payment,Hyderabad,22:20:38,iOS,0
TXN00640,matthewortega@upi,45123.64,Bill Payment,Bangalore,05:31:29,iOS,1
TXN00641,sharon98@upi,49563.25,Bill Payment,Mumbai,08:34:22,Android,0
TXN00642,julie65@upi,14759.08,Send Money,Chennai,06:45:36,Android,0
TXN00643,dennisdiaz@upi,6158.93,Send Money,Mumbai,11:54:18,Android,0
TXN00644,emily80@upi,3378.55,Send Money,Kolkata,17:27:28,Android,0
TXN00645,ashleymills@upi,33651.6,Merchant Payment,Mumbai,14:17:30,Android,0
TXN00646,allenfrederick@upi,29518.37,Bill Payment,Bangalore,07:15:25,Android,0
TXN00647,kristenwilson@upi,45832.6,Merchant Payment,Bangalore,23:51:29,iOS,1
TXN00648,framirez@upi,625.36,Merchant Payment,Mumbai,06:16:40,iOS,0
TXN00649,casey12@upi,34423.37,Merchant Payment,Delhi,22:15:35,iOS,0
TXN00650,dmadden@upi,32290.57,Send Money,Mumbai,18:55:53,Android,0
TXN00651,jeff76@upi,16995.04,Bill Payment,Hyderabad,17:22:00,iOS,0
TXN00652,deborahsmith@upi,17036.8,Merchant Payment,Bangalore,05:00:33,iOS,0
TXN00653,johnwalker@upi,5071.98,Send Money,Delhi,11:29:24,iOS,0
TXN00654,justingray@upi,49401.92,Send Money,Hyderabad,04:12:26,Android,1
TXN00655,cindyreeves@upi,7036.24,Send Money,Kolkata,12:28:50,iOS,1
TXN00656,nicolesmith@upi,26600.32,Send Money,Hyderabad,12:10:25,iOS,0
TXN00657,bwright@upi,1557.48,Merchant Payment,Delhi,08:57:51,Android,0
TXN00658,trogers@upi,37813.12,Merchant Payment,Chennai,02:36:24,iOS,1
TXN00659,caitlin78@upi,6511.09,Bill Payment,Chennai,07:38:39,Android,1
TXN00660,wchurch@upi,15705.2,Merchant Payment,Kolkata,21:57:51,iOS,1
TXN00661,leerobert@upi,27273.6,Send Money,Chennai,10:48:10,Android,1
TXN00662,garydavidson@upi,19480.2,Send Money,Kolkata,00:57:40,iOS,1
TXN00663,johnny48@upi,23899.14,Send Money,Delhi,12:15:36,Android,0
TXN00664,shawn65@upi,41684.16,Merchant Payment,Bangalore,15:04:37,iOS,0
TXN00665,bartonjustin@upi,35453.6,Bill Payment,Mumbai,17:08:00,Android,0
TXN00666,brownlindsey@upi,13519.68,Merchant Payment,Hyderabad,23:19:14,Android,0
TXN00667,melissa18@upi,29153.39,Send Money,Bangalore,23:00:53,Android,0
TXN00668,emily38@upi,24450.0,Merchant Payment,Chennai,21:44:34,Android,0
TXN00669,dawnmack@upi,15031.46,Bill Payment,Mumbai,01:31:54,iOS,0
TXN00670,contrerasgary@upi,10073.59,Send Money,Hyderabad,16:22:51,Android,0
TXN00671,glong@upi,27155.8,Merchant Payment,Bangalore,08:25:37,Android,0
TXN00672,chelsea96@upi,17679.5,Merchant Payment,Hyderabad,23:06:06,iOS,0
TXN00673,mathewstone@upi,39527.58,Send Money,Mumbai,21:14:43,iOS,0
TXN00674,tina88@upi,43855.76,Bill Payment,Mumbai,16:53:43,Android,0
TXN00675,danielleburns@upi,49049.56,Bill Payment,Delhi,19:24:21,iOS,0
TXN00676,thomasamanda@upi,10169.12,Merchant Payment,Bangalore,16:30:39,Android,0
TXN00677,valdezcourtney@upi,18119.78,Send Money,Bangalore,05:55:34,Android,1
TXN00678,mcdonaldmegan@upi,20385.13,Merchant Payment,Hyderabad,06:33:37,Android,1
TXN00679,christopherharris@upi,10031.72,Send Money,Hyderabad,12:06:27,Android,0
TXN00680,hblack@upi,42349.97,Merchant Payment,Kolkata,04:28:56,Android,1
TXN00681,fwoods@upi,22421.47,Send Money,Kolkata,23:31:46,Android,0
TXN00682,colebarnett@upi,965.61,Bill Payment,Chennai,23:40:40,iOS,0
TXN00683,schroedermartin@upi,34629.7,Bill Payment,Kolkata,10:27:55,Android,0
TXN00684,michael47@upi,40223.82,Merchant Payment,Kolkata,15:20:14,Android,0
TXN00685,steven05@upi,49527.4,Bill Payment,Delhi,06:00:28,Android,0
TXN00686,kirstenjones@upi,125.85,Merchant Payment,Mumbai,23:02:49,iOS,0
TXN00687,brittany91@upi,37026.4,Send Money,Chennai,17:42:29,iOS,0
TXN00688,munozandrea@upi,41098.11,Send Money,Mumbai,18:13:18,iOS,0
TXN00689,mooreeric@upi,5229.16,Merchant Payment,Mumbai,20:55:35,iOS,0
TXN00690,wellison@upi,20383.08,Bill Payment,Kolkata,05:39:04,Android,0
TXN00691,nelsonsamantha@upi,5558.79,Send Money,Chennai,08:24:48,iOS,0
TXN00692,ylucas@upi,47756.21,Merchant Payment,Kolkata,05:54:16,iOS,1
TXN00693,sandra98@upi,34090.61,Send Money,Delhi,06:59:58,iOS,0
TXN00694,rjones@upi,23918.21,Bill Payment,Delhi,04:41:03,iOS,0
TXN00695,ebony31@upi,14771.57,Bill Payment,Bangalore,19:39:04,iOS,0
TXN00696,chelsea29@upi,7624.96,Merchant Payment,Bangalore,21:00:40,iOS,0
TXN00697,hillsean@upi,23827.08,Send Money,Mumbai,01:22:37,Android,0
TXN00698,sancheztonya@upi,1693.12,Merchant Payment,Chennai,01:41:02,Android,0
TXN00699,brianwade@upi,6154.8,Send Money,Kolkata,04:38:27,iOS,0
TXN00700,hallen@upi,31242.95,Bill Payment,Kolkata,23:51:02,iOS,1
TXN00701,jenniferleon@upi,35700.49,Send Money,Kolkata,16:18:40,iOS,0
TXN00702,lwest@upi,7152.37,Merchant Payment,Delhi,05:26:19,iOS,0
TXN00703,awoods@upi,14220.86,Bill Payment,Delhi,05:40:25,Android,0
TXN00704,morrismisty@upi,37434.78,Merchant Payment,Mumbai,20:05:59,Android,0
TXN00705,carol60@upi,39153.0,Bill Payment,Kolkata,04:24:59,iOS,1
TXN00706,ryan08@upi,44787.38,Bill Payment,Mumbai,05:39:22,iOS,1
TXN00707,walterrodriguez@upi,12348.73,Send Money,Chennai,23:53:30,iOS,0
TXN00708,andrewmartinez@upi,18018.09,Merchant Payment,Mumbai,10:09:09,Android,0
TXN00709,charlesnguyen@upi,28594.74,Bill Payment,Bangalore,01:49:36,Android,0
TXN00710,hzamora@upi,18871.91,Merchant Payment,Chennai,17:15:31,Android,0
TXN00711,yvonneharper@upi,24695.76,Send Money,Hyderabad,17:34:25,Android,0
TXN00712,matthewsjessica@upi,33795.63,Merchant Payment,Chennai,20:55:01,Android,0
TXN00713,faguilar@upi,9148.53,Merchant Payment,Mumbai,18:31:37,iOS,0
TXN00714,greenejames@upi,14909.63,Send Money,Hyderabad,18:12:23,Android,0
TXN00715,uvaldez@upi,49973.32,Send Money,Chennai,20:46:16,iOS,1
TXN00716,sharonburton@upi,25025.05,Send Money,Bangalore,04:17:52,Android,0
TXN00717,mariafaulkner@upi,31724.86,Merchant Payment,Hyderabad,11:00:06,Android,0
TXN00718,romeromichael@upi,38380.71,Bill Payment,Chennai,16:36:08,Android,0
TXN00719,elizabethsimon@upi,35985.49,Send Money,Mumbai,16:54:12,iOS,0
TXN00720,samuelreed@upi,44009.04,Send Money,Hyderabad,15:58:23,Android,0
TXN00721,cookvictoria@upi,1806.57,Send Money,Hyderabad,15:42:48,iOS,0
TXN00722,chad42@upi,48729.84,Send Money,Hyderabad,09:45:26,iOS,0
TXN00723,uthompson@upi,28962.97,Send Money,Hyderabad,03:55:03,Android,0
TXN00724,emayo@upi,2914.02,Bill Payment,Kolkata,12:29:53,iOS,0
TXN00725,patelnicole@upi,5002.34,Bill Payment,Kolkata,14:05:00,Android,0
TXN00726,davismiguel@upi,16873.9,Bill Payment,Mumbai,01:39:58,iOS,0
TXN00727,robertsonjessica@upi,1580.78,Merchant Payment,Kolkata,15:45:05,Android,0
TXN00728,jordanheather@upi,13341.09,Send Money,Bangalore,12:59:35,Android,1
TXN00729,rachelmoore@upi,25956.42,Bill Payment,Mumbai,10:22:11,iOS,0
TXN00730,victoria31@upi,13369.96,Send Money,Hyderabad,15:10:29,iOS,0
TXN00731,ericksonstephanie@upi,28772.02,Bill Payment,Bangalore,05:24:03,Android,0
TXN00732,ofisher@upi,6019.16,Bill Payment,Chennai,18:52:27,Android,0
TXN00733,amanda65@upi,25902.85,Send Money,Kolkata,05:23:34,iOS,0
TXN00734,qmiller@upi,14997.03,Send Money,Hyderabad,01:10:33,Android,0
TXN00735,alanclark@upi,27352.69,Send Money,Mumbai,09:33:54,iOS,0
TXN00736,jeffhudson@upi,19906.28,Merchant Payment,Chennai,08:06:06,Android,0
TXN00737,marilyn05@upi,30168.56,Send Money,Hyderabad,14:50:15,Android,0
TXN00738,jerrymurphy@upi,29114.62,Send Money,Chennai,15:24:11,iOS,1
TXN00739,burnsjames@upi,27228.67,Merchant Payment,Hyderabad,10:34:12,iOS,0
TXN00740,melody28@upi,11276.81,Merchant Payment,Delhi,20:23:31,Android,0
TXN00741,njohnson@upi,39068.28,Send Money,Bangalore,17:00:18,Android,1
TXN00742,rfranklin@upi,26367.99,Merchant Payment,Hyderabad,04:30:59,Android,0
TXN00743,justin73@upi,17266.16,Bill Payment,Kolkata,01:09:13,iOS,0
TXN00744,stephaniecasey@upi,3040.84,Bill Payment,Delhi,01:48:36,iOS,0
TXN00745,gwhite@upi,402.0,Send Money,Bangalore,03:50:05,iOS,0
TXN00746,bowenmark@upi,47897.13,Merchant Payment,Delhi,11:15:17,Android,0
TXN00747,marygarner@upi,47454.07,Bill Payment,Chennai,04:27:25,iOS,1
TXN00748,erik85@upi,13742.44,Bill Payment,Kolkata,08:25:53,iOS,0
TXN00749,shannonsmith@upi,9023.59,Merchant Payment,Kolkata,08:21:55,Android,0
TXN00750,bobby61@upi,22282.63,Send Money,Bangalore,01:49:20,iOS,0
TXN00751,normangrimes@upi,49059.81,Send Money,Delhi,21:51:03,Android,0
TXN00752,cmora@upi,32959.1,Send Money,Hyderabad,07:30:08,Android,0
TXN00753,jennifer72@upi,20339.64,Merchant Payment,Delhi,18:45:54,iOS,0
TXN00754,pmarshall@upi,12984.49,Send Money,Delhi,06:37:58,Android,0
TXN00755,mmarsh@upi,10705.71,Bill Payment,Delhi,17:09:30,iOS,0
TXN00756,leejacob@upi,39631.83,Merchant Payment,Chennai,11:05:46,iOS,0
TXN00757,joneskerry@upi,19766.34,Bill Payment,Delhi,14:01:20,Android,0
TXN00758,david35@upi,42712.55,Bill Payment,Hyderabad,14:47:14,Android,0
TXN00759,gomezmegan@upi,22917.15,Send Money,Bangalore,03:53:08,iOS,0
TXN00760,salazarjustin@upi,38583.63,Bill Payment,Hyderabad,18:14:37,Android,0
TXN00761,timothy64@upi,39223.2,Bill Payment,Bangalore,08:46:37,Android,0
TXN00762,reneelamb@upi,16090.28,Bill Payment,Bangalore,05:32:12,iOS,0
TXN00763,kathy27@upi,1468.2,Merchant Payment,Hyderabad,23:05:41,Android,0
TXN00764,elizabeth46@upi,45070.14,Bill Payment,Bangalore,23:54:26,iOS,1
TXN00765,tromero@upi,49662.82,Send Money,Chennai,03:10:51,Android,1
TXN00766,jennifergibson@upi,18592.49,Send Money,Kolkata,04:42:28,Android,0
TXN00767,hardybeth@upi,22223.82,Bill Payment,Kolkata,12:11:22,Android,0
TXN00768,howardmichelle@upi,12557.56,Send Money,Bangalore,15:51:47,iOS,0
TXN00769,eileengalloway@upi,12027.54,Bill Payment,Delhi,18:06:45,Android,1
TXN00770,nsmith@upi,1385.68,Merchant Payment,Bangalore,22:07:20,Android,0
TXN00771,wstokes@upi,1810.58,Send Money,Kolkata,07:06:01,iOS,0
TXN00772,david13@upi,11252.26,Send Money,Bangalore,17:25:57,iOS,0
TXN00773,keithhart@upi,25839.75,Bill Payment,Bangalore,14:32:55,Android,0
TXN00774,ugardner@upi,21510.84,Merchant Payment,Delhi,22:01:57,iOS,0
TXN00775,amandacannon@upi,38157.79,Merchant Payment,Delhi,18:52:02,iOS,0
TXN00776,vanceshane@upi,10241.96,Send Money,Mumbai,02:37:27,iOS,0
TXN00777,gregoryvirginia@upi,42752.96,Bill Payment,Mumbai,19:24:31,Android,0
TXN00778,tonya68@upi,47039.82,Send Money,Mumbai,21:53:16,Android,0
TXN00779,susan45@upi,41339.07,Merchant Payment,Chennai,21:17:01,iOS,0
TXN00780,kristopher50@upi,38558.43,Bill Payment,Hyderabad,23:37:56,Android,1
TXN00781,susanfrye@upi,25787.81,Send Money,Chennai,22:50:19,iOS,0
TXN00782,crystal84@upi,46551.19,Merchant Payment,Kolkata,01:07:12,Android,1
TXN00783,matthewyoung@upi,38279.68,Send Money,Chennai,19:12:49,Android,0
TXN00784,hobbsbrian@upi,18115.19,Send Money,Delhi,21:05:50,iOS,0
TXN00785,christinaspencer@upi,15216.89,Send Money,Hyderabad,10:12:50,Android,0
TXN00786,emily26@upi,2604.53,Bill Payment,Bangalore,21:30:53,Android,0
TXN00787,jenningsjennifer@upi,20803.04,Send Money,Delhi,03:12:01,iOS,0
TXN00788,irodgers@upi,40903.16,Merchant Payment,Bangalore,14:21:41,iOS,0
TXN00789,ruthhanson@upi,16854.87,Merchant Payment,Kolkata,00:10:54,iOS,1
TXN00790,lrogers@upi,37714.87,Send Money,Kolkata,21:14:09,Android,0
TXN00791,ryan32@upi,19040.68,Merchant Payment,Delhi,15:09:30,iOS,0
TXN00792,carneyalexandra@upi,13458.29,Bill Payment,Mumbai,18:11:38,Android,1
TXN00793,oneillolivia@upi,2130.69,Send Money,Mumbai,21:30:54,iOS,0
TXN00794,garciastephen@upi,31611.65,Merchant Payment,Chennai,18:48:14,Android,0
TXN00795,cherylmaddox@upi,25697.58,Send Money,Bangalore,10:56:29,iOS,1
TXN00796,martineztravis@upi,22446.19,Bill Payment,Bangalore,07:56:02,iOS,0
TXN00797,adamsashley@upi,34732.83,Merchant Payment,Chennai,08:05:18,iOS,0
TXN00798,russellkristen@upi,1552.59,Send Money,Chennai,23:07:24,Android,0
TXN00799,ogarza@upi,16787.17,Send Money,Bangalore,21:23:30,Android,0
TXN00800,gstone@upi,36355.57,Merchant Payment,Chennai,00:50:56,Android,1
TXN00801,debbiewilkins@upi,27470.0,Send Money,Bangalore,22:44:55,iOS,0
TXN00802,lrice@upi,39312.42,Bill Payment,Mumbai,18:44:28,Android,0
TXN00803,rcook@upi,6227.9,Bill Payment,Delhi,22:34:10,Android,1
TXN00804,linda68@upi,21888.69,Merchant Payment,Chennai,08:14:11,Android,0
TXN00805,branchjessica@upi,26719.18,Merchant Payment,Chennai,13:29:19,Android,0
TXN00806,lesliebrooks@upi,24118.4,Send Money,Kolkata,18:12:28,Android,1
TXN00807,howardkimberly@upi,11344.1,Merchant Payment,Delhi,13:18:42,Android,0
TXN00808,alison88@upi,15496.3,Merchant Payment,Delhi,06:00:52,iOS,0
TXN00809,andrewwall@upi,25080.76,Merchant Payment,Kolkata,15:54:42,iOS,0
TXN00810,kara43@upi,42535.51,Merchant Payment,Bangalore,21:20:07,Android,0
TXN00811,brian82@upi,33704.26,Send Money,Mumbai,07:55:06,iOS,0
TXN00812,mathewwilliams@upi,15345.76,Merchant Payment,Hyderabad,09:27:46,Android,0
TXN00813,margaretconrad@upi,21532.71,Bill Payment,Chennai,01:48:46,iOS,0
TXN00814,carl03@upi,17799.18,Bill Payment,Mumbai,19:23:22,Android,0
TXN00815,jennifer48@upi,3614.83,Bill Payment,Hyderabad,21:06:11,Android,0
TXN00816,natashaward@upi,33577.24,Merchant Payment,Kolkata,15:42:55,Android,0
TXN00817,sara01@upi,37549.48,Send Money,Delhi,12:12:17,Android,0
TXN00818,john56@upi,49018.63,Bill Payment,Kolkata,13:25:57,Android,1
TXN00819,ashley14@upi,5165.04,Bill Payment,Chennai,12:46:28,iOS,0
TXN00820,pmiller@upi,36896.87,Bill Payment,Hyderabad,13:40:27,Android,0
TXN00821,david79@upi,25990.02,Merchant Payment,Bangalore,18:45:46,Android,0
TXN00822,denise89@upi,24157.15,Bill Payment,Hyderabad,01:52:41,iOS,0
TXN00823,oneillclifford@upi,48427.18,Merchant Payment,Bangalore,18:42:17,Android,0
TXN00824,brianwashington@upi,3426.02,Send Money,Kolkata,12:27:25,iOS,0
TXN00825,cschroeder@upi,31186.2,Merchant Payment,Delhi,22:17:03,iOS,0
TXN00826,mike13@upi,35192.58,Bill Payment,Bangalore,11:54:38,iOS,0
TXN00827,christophersullivan@upi,33606.08,Bill Payment,Mumbai,19:15:44,Android,0
TXN00828,brianpena@upi,29887.44,Send Money,Hyderabad,23:50:45,Android,0
TXN00829,dawnflynn@upi,22459.75,Send Money,Bangalore,20:44:14,iOS,0
TXN00830,dwalker@upi,344.04,Bill Payment,Hyderabad,03:07:31,iOS,0
TXN00831,uwood@upi,2533.94,Send Money,Mumbai,07:34:36,Android,0
TXN00832,henrykeith@upi,12662.55,Merchant Payment,Mumbai,11:42:18,iOS,0
TXN00833,camerongonzalez@upi,41991.68,Bill Payment,Kolkata,03:20:25,iOS,1
TXN00834,mileswanda@upi,33253.08,Bill Payment,Delhi,22:08:44,Android,0
TXN00835,johnsonashley@upi,4640.35,Merchant Payment,Chennai,01:13:33,Android,0
TXN00836,martincatherine@upi,43067.37,Send Money,Bangalore,16:52:51,Android,0
TXN00837,amandagarcia@upi,49813.15,Send Money,Bangalore,09:32:02,Android,0
TXN00838,michaelclayton@upi,35046.37,Send Money,Mumbai,14:38:46,Android,0
TXN00839,kochrebecca@upi,36938.77,Merchant Payment,Mumbai,18:33:18,Android,0
TXN00840,gregory79@upi,3866.49,Bill Payment,Bangalore,15:27:23,Android,0
TXN00841,jessicabanks@upi,10775.07,Send Money,Bangalore,20:37:46,iOS,0
TXN00842,dodsonvictoria@upi,47575.02,Bill Payment,Delhi,13:38:49,iOS,0
TXN00843,stephanie54@upi,24680.11,Merchant Payment,Chennai,22:48:30,iOS,0
TXN00844,deborah37@upi,30843.01,Send Money,Bangalore,12:25:50,iOS,0
TXN00845,antoniomarquez@upi,38539.42,Send Money,Mumbai,12:53:33,Android,0
TXN00846,ojohnson@upi,26921.21,Send Money,Hyderabad,06:52:31,iOS,0
TXN00847,smithpatricia@upi,42992.59,Bill Payment,Bangalore,23:01:06,Android,1
TXN00848,ggonzales@upi,20572.86,Bill Payment,Bangalore,20:56:16,Android,0
TXN00849,oneillstephanie@upi,21385.79,Bill Payment,Hyderabad,15:06:15,Android,0
TXN00850,matthewpearson@upi,3209.68,Bill Payment,Kolkata,01:16:21,iOS,0
TXN00851,jennifermiller@upi,1105.45,Bill Payment,Chennai,18:57:53,Android,0
TXN00852,tmurphy@upi,46356.26,Merchant Payment,Mumbai,22:53:49,Android,0
TXN00853,smithmaria@upi,584.51,Send Money,Mumbai,23:43:56,iOS,0
TXN00854,edwardprice@upi,8031.53,Send Money,Mumbai,02:56:11,iOS,0
TXN00855,srandall@upi,37341.36,Merchant Payment,Chennai,01:06:28,Android,1
TXN00856,antoniohenry@upi,34259.86,Merchant Payment,Hyderabad,02:41:18,Android,1
TXN00857,lanescott@upi,408.14,Merchant Payment,Delhi,05:39:00,Android,0
TXN00858,billythompson@upi,37129.12,Bill Payment,Hyderabad,21:39:10,iOS,0
TXN00859,millspatrick@upi,15396.71,Merchant Payment,Chennai,19:40:29,iOS,0
TXN00860,tapiasusan@upi,18682.27,Bill Payment,Mumbai,05:08:07,Android,0
TXN00861,sanchezmark@upi,19642.61,Merchant Payment,Chennai,02:06:04,Android,0
TXN00862,mathew75@upi,26084.75,Send Money,Delhi,05:34:05,Android,0
TXN00863,hlove@upi,42939.63,Merchant Payment,Kolkata,08:28:33,Android,0
TXN00864,rfreeman@upi,14804.19,Merchant Payment,Chennai,11:15:13,Android,0
TXN00865,porterjasmine@upi,34700.54,Merchant Payment,Chennai,03:24:36,Android,1
TXN00866,drew83@upi,37033.9,Send Money,Delhi,21:47:42,Android,0
TXN00867,karenanderson@upi,25751.52,Bill Payment,Kolkata,00:29:41,Android,0
TXN00868,cohenronald@upi,20715.9,Bill Payment,Bangalore,04:56:27,iOS,0
TXN00869,jasmine97@upi,31735.62,Merchant Payment,Hyderabad,22:53:10,iOS,0
TXN00870,jonesjames@upi,30391.56,Bill Payment,Kolkata,06:13:52,Android,0
TXN00871,ysullivan@upi,10985.5,Merchant Payment,Chennai,04:30:01,Android,0
TXN00872,diana71@upi,21452.93,Merchant Payment,Bangalore,21:36:09,iOS,0
TXN00873,masonmatthew@upi,37682.2,Send Money,Delhi,18:55:41,iOS,0
TXN00874,gthomas@upi,43527.64,Bill Payment,Chennai,17:20:39,iOS,0
TXN00875,cindycharles@upi,34834.4,Send Money,Chennai,16:38:08,Android,0
TXN00876,ljoseph@upi,49021.97,Send Money,Chennai,07:36:02,Android,0
TXN00877,bwilson@upi,33948.1,Bill Payment,Mumbai,17:36:26,Android,0
TXN00878,joseph75@upi,916.02,Send Money,Bangalore,07:55:09,Android,0
TXN00879,davidroach@upi,20411.87,Send Money,Chennai,23:36:39,Android,0
TXN00880,hallvictor@upi,12671.09,Send Money,Kolkata,13:39:41,iOS,0
TXN00881,michael39@upi,37634.39,Send Money,Mumbai,13:36:50,iOS,0
TXN00882,stephaniemcdaniel@upi,24259.88,Merchant Payment,Kolkata,17:00:57,Android,0
TXN00883,christine00@upi,25532.98,Merchant Payment,Delhi,12:56:43,Android,0
TXN00884,jimenezrobert@upi,23320.82,Send Money,Kolkata,10:07:22,iOS,0
TXN00885,jasonmorton@upi,785.26,Bill Payment,Kolkata,15:55:27,iOS,0
TXN00886,uhughes@upi,27092.63,Merchant Payment,Hyderabad,12:20:18,iOS,0
TXN00887,ofields@upi,3714.53,Bill Payment,Chennai,10:20:14,Android,1
TXN00888,jessicalawrence@upi,11585.11,Send Money,Bangalore,09:59:22,iOS,0
TXN00889,steven40@upi,11013.37,Bill Payment,Kolkata,12:26:38,iOS,0
TXN00890,brandondavis@upi,35334.65,Merchant Payment,Hyderabad,03:12:00,iOS,1
TXN00891,pamelakaiser@upi,2275.51,Merchant Payment,Bangalore,04:41:15,iOS,0
TXN00892,amywelch@upi,10891.19,Bill Payment,Mumbai,12:05:39,Android,0
TXN00893,kochjamie@upi,40226.69,Send Money,Mumbai,20:11:59,iOS,0
TXN00894,wmartin@upi,29189.84,Send Money,Chennai,04:18:02,iOS,0
TXN00895,mariah66@upi,25905.22,Send Money,Bangalore,17:39:52,Android,0
TXN00896,craigaguirre@upi,35664.66,Merchant Payment,Hyderabad,17:09:36,Android,0
TXN00897,watsonwendy@upi,19543.85,Bill Payment,Mumbai,04:46:19,iOS,0
TXN00898,campbellsusan@upi,29861.79,Bill Payment,Hyderabad,18:56:10,iOS,0
TXN00899,vevans@upi,31623.24,Bill Payment,Hyderabad,13:08:00,iOS,0
TXN00900,burnettwilliam@upi,35641.76,Merchant Payment,Mumbai,19:44:29,iOS,0
TXN00901,saramurphy@upi,43077.07,Bill Payment,Hyderabad,23:39:02,iOS,1
TXN00902,carl98@upi,25357.91,Merchant Payment,Mumbai,12:43:13,iOS,0
TXN00903,danny07@upi,19146.11,Bill Payment,Delhi,17:31:33,iOS,0
TXN00904,vrodriguez@upi,13604.58,Bill Payment,Mumbai,13:45:02,Android,0
TXN00905,kristen95@upi,37414.16,Send Money,Mumbai,14:11:45,iOS,0
TXN00906,vangnicholas@upi,9554.42,Bill Payment,Kolkata,05:27:44,Android,0
TXN00907,chapmandiana@upi,41190.13,Bill Payment,Chennai,06:37:38,Android,0
TXN00908,jessica19@upi,23081.53,Merchant Payment,Kolkata,16:45:05,iOS,0
TXN00909,trevor03@upi,34950.45,Send Money,Hyderabad,20:35:42,iOS,0
TXN00910,ycarr@upi,12986.23,Bill Payment,Chennai,17:18:51,Android,0
TXN00911,james00@upi,41218.1,Bill Payment,Delhi,11:50:01,iOS,0
TXN00912,sarahthomas@upi,44896.98,Merchant Payment,Chennai,15:33:04,Android,1
TXN00913,fryejoshua@upi,41272.53,Bill Payment,Bangalore,09:52:18,Android,0
TXN00914,chenaaron@upi,3372.12,Merchant Payment,Hyderabad,15:42:23,iOS,0
TXN00915,zblevins@upi,37411.71,Send Money,Delhi,04:01:04,Android,1
TXN00916,levinehannah@upi,49881.44,Merchant Payment,Chennai,10:18:52,Android,0
TXN00917,vfuentes@upi,1131.07,Merchant Payment,Chennai,18:30:05,Android,0
TXN00918,ggarcia@upi,694.79,Send Money,Bangalore,23:59:21,iOS,0
TXN00919,sharonrichardson@upi,38220.03,Bill Payment,Mumbai,02:13:14,iOS,1
TXN00920,harristami@upi,15454.71,Merchant Payment,Bangalore,15:59:31,iOS,0
TXN00921,crystal72@upi,31234.46,Send Money,Chennai,01:07:03,iOS,1
TXN00922,bennettfrank@upi,19535.77,Send Money,Chennai,18:26:41,Android,0
TXN00923,erik70@upi,33809.51,Send Money,Bangalore,13:11:55,Android,0
TXN00924,timothyshepherd@upi,29846.63,Merchant Payment,Kolkata,10:35:59,iOS,0
TXN00925,cyoung@upi,26388.6,Merchant Payment,Chennai,02:57:07,Android,0
TXN00926,fhartman@upi,24712.44,Bill Payment,Mumbai,14:03:25,iOS,0
TXN00927,perryvictoria@upi,29661.98,Merchant Payment,Bangalore,13:51:14,Android,0
TXN00928,terrencehensley@upi,33879.81,Bill Payment,Bangalore,07:20:04,Android,0
TXN00929,petersstephen@upi,2728.99,Merchant Payment,Mumbai,01:51:38,Android,0
TXN00930,stephanie12@upi,27738.84,Send Money,Hyderabad,11:53:23,Android,0
TXN00931,mpalmer@upi,35259.91,Bill Payment,Delhi,04:36:48,Android,1
TXN00932,williamsrebecca@upi,22651.02,Bill Payment,Kolkata,03:43:14,iOS,0
TXN00933,qpratt@upi,38957.34,Merchant Payment,Bangalore,22:13:17,Android,0
TXN00934,ylane@upi,22749.07,Bill Payment,Kolkata,15:24:50,Android,0
TXN00935,ricardopowell@upi,47677.22,Send Money,Chennai,16:14:51,iOS,0
TXN00936,williamsjonathan@upi,13857.86,Bill Payment,Delhi,01:53:04,Android,0
TXN00937,handerson@upi,17752.68,Bill Payment,Hyderabad,18:50:12,iOS,0
TXN00938,choffman@upi,11547.42,Send Money,Hyderabad,12:43:51,iOS,0
TXN00939,rogersnicole@upi,34537.08,Merchant Payment,Chennai,05:02:04,Android,1
TXN00940,westjustin@upi,44305.81,Merchant Payment,Chennai,17:00:48,Android,0
TXN00941,danny07@upi,40133.99,Merchant Payment,Bangalore,07:10:43,iOS,0
TXN00942,timothy97@upi,34563.68,Merchant Payment,Mumbai,23:19:17,iOS,1
TXN00943,amandanelson@upi,47039.26,Send Money,Kolkata,10:58:00,iOS,0
TXN00944,brandonnelson@upi,3360.16,Merchant Payment,Hyderabad,14:48:50,Android,0
TXN00945,nwebb@upi,44595.74,Send Money,Bangalore,05:10:44,iOS,1
TXN00946,sean86@upi,19286.02,Bill Payment,Hyderabad,01:47:35,iOS,0
TXN00947,karensalazar@upi,23460.67,Bill Payment,Delhi,00:11:28,iOS,0
TXN00948,shaunreeves@upi,7372.31,Merchant Payment,Chennai,17:03:34,iOS,0
TXN00949,omitchell@upi,5730.43,Merchant Payment,Bangalore,09:07:29,iOS,0
TXN00950,casejessica@upi,10993.14,Bill Payment,Hyderabad,17:48:39,Android,0
TXN00951,hlewis@upi,15130.93,Send Money,Delhi,23:31:40,iOS,0
TXN00952,romanaaron@upi,38842.4,Bill Payment,Kolkata,19:07:08,iOS,0
TXN00953,robertsjeffrey@upi,35336.71,Bill Payment,Kolkata,22:36:58,Android,0
TXN00954,jorge95@upi,39030.0,Bill Payment,Bangalore,13:26:17,iOS,0
TXN00955,erin45@upi,24396.84,Send Money,Mumbai,07:02:04,Android,1
TXN00956,hjohnson@upi,19791.44,Merchant Payment,Delhi,10:22:07,Android,0
TXN00957,lflores@upi,22926.99,Send Money,Mumbai,21:36:25,iOS,0
TXN00958,joyce03@upi,49588.73,Send Money,Delhi,03:57:54,Android,1
TXN00959,richardsonbrent@upi,2257.62,Merchant Payment,Chennai,18:55:16,Android,0
TXN00960,mpoole@upi,47021.56,Bill Payment,Bangalore,23:29:08,Android,1
TXN00961,gcross@upi,24474.73,Send Money,Hyderabad,20:04:48,iOS,0
TXN00962,matthew93@upi,32907.55,Send Money,Bangalore,21:23:55,iOS,0
TXN00963,sarahbishop@upi,16418.37,Merchant Payment,Mumbai,03:58:06,iOS,0
TXN00964,gabrielcarter@upi,9829.0,Send Money,Mumbai,20:01:43,Android,0
TXN00965,john47@upi,36814.63,Bill Payment,Kolkata,01:07:48,Android,1
TXN00966,ericjackson@upi,20144.76,Merchant Payment,Mumbai,21:37:39,Android,0
TXN00967,ashleygray@upi,7069.76,Bill Payment,Hyderabad,05:38:43,Android,0
TXN00968,diazjoshua@upi,10943.3,Send Money,Kolkata,07:13:19,iOS,0
TXN00969,ginaosborn@upi,30196.51,Bill Payment,Kolkata,19:46:40,Android,0
TXN00970,zachary43@upi,12647.39,Bill Payment,Bangalore,19:38:23,iOS,0
TXN00971,tiffany38@upi,27843.68,Merchant Payment,Chennai,16:08:22,Android,0
TXN00972,michaeljackson@upi,49426.2,Merchant Payment,Mumbai,07:12:14,Android,0
TXN00973,aaron46@upi,43704.85,Merchant Payment,Kolkata,02:36:21,iOS,1
TXN00974,riveralisa@upi,42.66,Merchant Payment,Delhi,06:18:28,iOS,0
TXN00975,lynchjoy@upi,18832.75,Send Money,Kolkata,05:19:43,iOS,0
TXN00976,mahoneysharon@upi,17567.46,Send Money,Delhi,21:11:22,iOS,0
TXN00977,phillip63@upi,2012.56,Bill Payment,Bangalore,01:16:53,iOS,0
TXN00978,calvinturner@upi,29501.49,Send Money,Mumbai,06:38:26,iOS,0
TXN00979,dean70@upi,7733.07,Bill Payment,Kolkata,02:28:42,iOS,0
TXN00980,patrick98@upi,35207.12,Send Money,Delhi,08:09:09,Android,0
TXN00981,xbennett@upi,23789.63,Merchant Payment,Chennai,19:55:15,iOS,0
TXN00982,rreeves@upi,17027.17,Merchant Payment,Hyderabad,10:17:45,Android,0
TXN00983,stephenmiller@upi,25497.6,Merchant Payment,Chennai,22:12:24,Android,0
TXN00984,allison10@upi,13930.75,Send Money,Hyderabad,22:37:32,Android,0
TXN00985,chambersjonathan@upi,8042.37,Merchant Payment,Bangalore,02:20:18,iOS,0
TXN00986,gdavidson@upi,16806.99,Send Money,Chennai,18:06:55,iOS,0
TXN00987,pthomas@upi,9465.06,Merchant Payment,Kolkata,16:51:29,iOS,0
TXN00988,croberts@upi,40074.27,Bill Payment,Bangalore,11:11:59,Android,0
TXN00989,michael63@upi,32579.27,Send Money,Delhi,15:43:47,Android,0
TXN00990,xmarks@upi,41754.95,Bill Payment,Kolkata,00:23:06,iOS,1
TXN00991,cgarcia@upi,15909.3,Send Money,Bangalore,18:24:02,iOS,0
TXN00992,parkdustin@upi,14147.23,Merchant Payment,Bangalore,17:33:21,iOS,0
TXN00993,thomasgreen@upi,48075.0,Merchant Payment,Bangalore,20:36:06,Android,0
TXN00994,michelle07@upi,30577.07,Merchant Payment,Kolkata,12:44:16,iOS,0
TXN00995,pacetimothy@upi,47358.6,Merchant Payment,Hyderabad,13:51:34,iOS,0
TXN00996,bakeradam@upi,45647.42,Bill Payment,Chennai,22:49:58,iOS,0
TXN00997,gflores@upi,27155.64,Merchant Payment,Hyderabad,13:06:58,iOS,0
TXN00998,jasminjohnson@upi,13913.68,Bill Payment,Bangalore,09:42:28,iOS,0
TXN00999,huynhjose@upi,17175.9,Send Money,Hyderabad,03:44:08,iOS,0
TXN01000,kellygordon@upi,22646.16,Bill Payment,Hyderabad,04:45:55,Android,0
